date,site,ndvi
2019-02-01,ParcBucuresti,-0.0214371809626863
2019-02-01,UrbanCentral,0.057747494551157
2019-02-01,AgricolIlfov,0.2886293578482941
2019-03-01,ParcBucuresti,0.189492505960333
2019-03-01,UrbanCentral,0.0736456369727071
2019-03-01,AgricolIlfov,0.3997353807720624
2019-04-01,ParcBucuresti,0.2835838199351411
2019-04-01,UrbanCentral,0.1126094828247503
2019-04-01,AgricolIlfov,0.5676303495586302
2019-05-01,ParcBucuresti,0.4617757488350293
2019-05-01,UrbanCentral,0.17781386949788
2019-05-01,AgricolIlfov,0.7645903633116831
2019-06-01,ParcBucuresti,0.3287310439231364
2019-06-01,UrbanCentral,0.1512698641175656
2019-06-01,AgricolIlfov,0.58690606230393
2019-07-01,ParcBucuresti,0.3336774013518723
2019-07-01,UrbanCentral,0.1439432810903306
2019-07-01,AgricolIlfov,0.5398955978701382
2019-08-01,ParcBucuresti,0.3390276726607488
2019-08-01,UrbanCentral,0.1570614062268658
2019-08-01,AgricolIlfov,0.3343078836492082
2019-09-01,ParcBucuresti,0.3322953308382678
2019-09-01,UrbanCentral,0.1560631817355368
2019-09-01,AgricolIlfov,0.2748061183768295
2019-10-01,ParcBucuresti,0.2786871882825715
2019-10-01,UrbanCentral,0.1245801856946307
2019-10-01,AgricolIlfov,0.2733173478167404
2019-11-01,ParcBucuresti,0.3441597862226697
2019-11-01,UrbanCentral,0.0876014060823475
2019-11-01,AgricolIlfov,0.3799826841326257
2019-12-01,ParcBucuresti,-0.036531312226727
2019-12-01,UrbanCentral,0.0667986688059145
2019-12-01,AgricolIlfov,0.4544223822092492
2020-01-01,ParcBucuresti,0.120135542611745
2020-01-01,UrbanCentral,0.0589663617760443
2020-01-01,AgricolIlfov,0.3304079143420733
2020-02-01,ParcBucuresti,-0.0254559049284925
2020-02-01,UrbanCentral,0.0308178338682849
2020-02-01,AgricolIlfov,0.1966572074820357
2020-03-01,ParcBucuresti,0.1658914885080597
2020-03-01,UrbanCentral,0.0803068968019588
2020-03-01,AgricolIlfov,0.3857259602455876
2020-04-01,ParcBucuresti,0.3377589109187909
2020-04-01,UrbanCentral,0.1425534628073796
2020-04-01,AgricolIlfov,0.3907257431095891
2020-05-01,ParcBucuresti,0.3179802853107409
2020-05-01,UrbanCentral,0.1806369499472833
2020-05-01,AgricolIlfov,0.3982526884334557
2020-06-01,ParcBucuresti,0.3494777668441274
2020-06-01,UrbanCentral,0.1625537688876469
2020-06-01,AgricolIlfov,0.4757971854704077
2020-07-01,ParcBucuresti,0.3828635975183305
2020-07-01,UrbanCentral,0.1505914067416185
2020-07-01,AgricolIlfov,0.4592233640015287
2020-08-01,ParcBucuresti,0.3719924664548611
2020-08-01,UrbanCentral,0.1556041181499614
2020-08-01,AgricolIlfov,0.3232822454988435
2020-09-01,ParcBucuresti,0.3795691019120436
2020-09-01,UrbanCentral,0.158418128025694
2020-09-01,AgricolIlfov,0.2762603563593
2020-10-01,ParcBucuresti,0.3655429401409366
2020-10-01,UrbanCentral,0.1389142693457236
2020-10-01,AgricolIlfov,0.320829480382941
2020-11-01,ParcBucuresti,0.2488963275981316
2020-11-01,UrbanCentral,0.1210359368675692
2020-11-01,AgricolIlfov,0.5785923140085697
2020-12-01,ParcBucuresti,0.1308711075297752
2020-12-01,UrbanCentral,0.0701159113763383
2020-12-01,AgricolIlfov,0.3944929025524722
2021-01-01,ParcBucuresti,0.0083326636264757
2021-01-01,UrbanCentral,0.0299313143065466
2021-01-01,AgricolIlfov,0.0445448969389551
2021-02-01,ParcBucuresti,0.1342869264569303
2021-02-01,UrbanCentral,0.0412361850991516
2021-02-01,AgricolIlfov,0.6203707242477701
2021-03-01,ParcBucuresti,0.1187394671797716
2021-03-01,UrbanCentral,0.0579475277946873
2021-03-01,AgricolIlfov,0.6122511316706415
2021-04-01,ParcBucuresti,0.2544595381330866
2021-04-01,UrbanCentral,0.1158470861507831
2021-04-01,AgricolIlfov,0.7056494068144955
2021-05-01,ParcBucuresti,0.416395645436104
2021-05-01,UrbanCentral,0.1872174023030102
2021-05-01,AgricolIlfov,0.758628394250809
2021-06-01,ParcBucuresti,0.3191283494379729
2021-06-01,UrbanCentral,0.1753669621641337
2021-06-01,AgricolIlfov,0.7004104390018853
2021-07-01,ParcBucuresti,0.3620451977248981
2021-07-01,UrbanCentral,0.1671079593426709
2021-07-01,AgricolIlfov,0.479195051420521
2021-08-01,ParcBucuresti,0.3114731137465771
2021-08-01,UrbanCentral,0.1646969016575537
2021-08-01,AgricolIlfov,0.4145014701946044
2021-09-01,ParcBucuresti,0.3481456854832346
2021-09-01,UrbanCentral,0.1769907924873472
2021-09-01,AgricolIlfov,0.3599839486095209
2021-10-01,ParcBucuresti,0.2217018818970226
2021-10-01,UrbanCentral,0.1554328388011658
2021-10-01,AgricolIlfov,0.3199988607027033
2021-11-01,ParcBucuresti,0.1591057675242371
2021-11-01,UrbanCentral,0.0941537220102768
2021-11-01,AgricolIlfov,0.3961662743579455
2021-12-01,ParcBucuresti,0.2182201325564836
2021-12-01,UrbanCentral,0.0895960517014133
2021-12-01,AgricolIlfov,0.4728906286061332
2022-01-01,ParcBucuresti,0.2370136598702052
2022-01-01,UrbanCentral,0.0880328092584824
2022-01-01,AgricolIlfov,0.430018003402985
2022-02-01,ParcBucuresti,0.1495134034126325
2022-02-01,UrbanCentral,0.0767936242210651
2022-02-01,AgricolIlfov,0.2682332546001
2022-03-01,ParcBucuresti,0.122616374367922
2022-03-01,UrbanCentral,0.0845997689758557
2022-03-01,AgricolIlfov,0.3381425410650133
2022-04-01,ParcBucuresti,0.2571189924257607
2022-04-01,UrbanCentral,0.1196139169308585
2022-04-01,AgricolIlfov,0.3957862971404377
2022-05-01,ParcBucuresti,0.431857024028031
2022-05-01,UrbanCentral,0.1961416027972385
2022-05-01,AgricolIlfov,0.5419897650987033
2022-06-01,ParcBucuresti,0.2012437346083211
2022-06-01,UrbanCentral,0.1811145442301307
2022-06-01,AgricolIlfov,0.6228872817247303
2022-07-01,ParcBucuresti,0.324666919929399
2022-07-01,UrbanCentral,0.1757146929464927
2022-07-01,AgricolIlfov,0.42587706411382
2022-08-01,ParcBucuresti,0.35714054282195
2022-08-01,UrbanCentral,0.162686617104856
2022-08-01,AgricolIlfov,0.271138989512986
2022-09-01,ParcBucuresti,0.3531688957767249
2022-09-01,UrbanCentral,0.1723519120903227
2022-09-01,AgricolIlfov,0.2146606941492933
2022-10-01,ParcBucuresti,0.2998047521931017
2022-10-01,UrbanCentral,0.1680392311451821
2022-10-01,AgricolIlfov,0.2385093958376841
2022-11-01,ParcBucuresti,0.2288488992133105
2022-11-01,UrbanCentral,0.0902114430650616
2022-11-01,AgricolIlfov,0.2100781961580591
2022-12-01,ParcBucuresti,0.0734931987770821
2022-12-01,UrbanCentral,0.0904399515881294
2022-12-01,AgricolIlfov,0.3448924104579541
2023-01-01,ParcBucuresti,-0.0134931820561297
2023-01-01,UrbanCentral,-0.0236071313209091
2023-01-01,AgricolIlfov,-0.0055180464609341
2023-02-01,ParcBucuresti,0.1035535591723264
2023-02-01,UrbanCentral,0.0618709875240564
2023-02-01,AgricolIlfov,0.3429249751971384
2023-03-01,ParcBucuresti,0.1857221214326118
2023-03-01,UrbanCentral,0.1130606329009484
2023-03-01,AgricolIlfov,0.6109949299671179
2023-04-01,ParcBucuresti,0.3166128959462227
2023-04-01,UrbanCentral,0.1471084620602282
2023-04-01,AgricolIlfov,0.7008171415762063
2023-05-01,ParcBucuresti,0.3926652705190685
2023-05-01,UrbanCentral,0.1949642555589529
2023-05-01,AgricolIlfov,0.7355917889809926
2023-06-01,ParcBucuresti,0.3831424953825325
2023-06-01,UrbanCentral,0.1831476234485009
2023-06-01,AgricolIlfov,0.3508203039432669
2023-07-01,ParcBucuresti,0.3618119454750762
2023-07-01,UrbanCentral,0.1821062873337227
2023-07-01,AgricolIlfov,0.2654031587822716
2023-08-01,ParcBucuresti,0.3235605458016761
2023-08-01,UrbanCentral,0.1697748227082179
2023-08-01,AgricolIlfov,0.2315060500642562
2023-09-01,ParcBucuresti,0.3199759984466845
2023-09-01,UrbanCentral,0.1569615397776685
2023-09-01,AgricolIlfov,0.2187977113556776
2023-10-01,ParcBucuresti,0.32865239849682
2023-10-01,UrbanCentral,0.168539546139298
2023-10-01,AgricolIlfov,0.2238108437662344
2023-11-01,ParcBucuresti,0.2347136545390222
2023-11-01,UrbanCentral,0.1691109200951546
2023-11-01,AgricolIlfov,0.2752719734553923
2023-12-01,ParcBucuresti,0.1420022910520401
2023-12-01,UrbanCentral,0.0710225564233297
2023-12-01,AgricolIlfov,0.3084867665145591
2024-01-01,ParcBucuresti,0.1047164382917247
2024-01-01,UrbanCentral,0.0675809461458342
2024-01-01,AgricolIlfov,0.3161373076577097
2024-02-01,ParcBucuresti,0.0307714107991407
2024-02-01,UrbanCentral,0.0093340708369447
2024-02-01,AgricolIlfov,0.3031147611126842
2024-03-01,ParcBucuresti,0.1999476213559286
2024-03-01,UrbanCentral,0.0898873760103933
2024-03-01,AgricolIlfov,0.4276794146147231
2024-04-01,ParcBucuresti,0.3336374497612516
2024-04-01,UrbanCentral,0.1669630746155015
2024-04-01,AgricolIlfov,0.4715029212289276
2024-05-01,ParcBucuresti,0.3451640414359392
2024-05-01,UrbanCentral,0.2034118890188426
2024-05-01,AgricolIlfov,0.59292501093217
2024-06-01,ParcBucuresti,0.3707964419360098
2024-06-01,UrbanCentral,0.185406154752702
2024-06-01,AgricolIlfov,0.4341909992269909
2024-07-01,ParcBucuresti,0.3614282804246491
2024-07-01,UrbanCentral,0.169118617322864
2024-07-01,AgricolIlfov,0.2830454455074518
2024-08-01,ParcBucuresti,0.3783264596940542
2024-08-01,UrbanCentral,0.1701469116619637
2024-08-01,AgricolIlfov,0.2732106037474847
2024-09-01,ParcBucuresti,0.3154486971683809
2024-09-01,UrbanCentral,0.1672258500035098
2024-09-01,AgricolIlfov,0.2778529032368154
2024-10-01,ParcBucuresti,0.3362719316803879
2024-10-01,UrbanCentral,0.1629421712468042
2024-10-01,AgricolIlfov,0.4190082589212031
2024-11-01,ParcBucuresti,0.2633729051034742
2024-11-01,UrbanCentral,0.1311104874660338
2024-11-01,AgricolIlfov,0.4816244568005958
