date,roi,value,index
2017-01-01,roi1,0.0006508765686220555,AVI
2017-02-01,roi1,0.0009518204024803161,AVI
2017-03-01,roi1,0.0007586918206957411,AVI
2017-04-01,roi1,0.0007506782139356125,AVI
2017-05-01,roi1,0.0006952556022590069,AVI
2017-06-01,roi1,0.0007004058621551062,AVI
2017-07-01,roi1,0.0007451653163702982,AVI
2017-08-01,roi1,0.0006605432165533189,AVI
2017-09-01,roi1,0.0005844926877802337,AVI
2017-10-01,roi1,0.0005683183421760982,AVI
2017-11-01,roi1,0.0004954964387492986,AVI
2017-12-01,roi1,0.0005200897893368547,AVI
2018-01-01,roi1,0.0005095260969148573,AVI
2018-02-01,roi1,0.00045402360010000497,AVI
2018-03-01,roi1,0.0004786458821369442,AVI
2018-04-01,roi1,0.00041539443602203984,AVI
2018-05-01,roi1,0.0003852135896230147,AVI
2018-06-01,roi1,0.0003770680299555971,AVI
2018-07-01,roi1,0.00044494086561627365,AVI
2018-08-01,roi1,0.0004800183879390214,AVI
2018-09-01,roi1,0.0005404741341136556,AVI
2018-10-01,roi1,0.0007690100928890112,AVI
2018-11-01,roi1,0.0008293573227388577,AVI
2018-12-01,roi1,0.0007735316827563526,AVI
2019-01-01,roi1,0.0007143483053537032,AVI
2019-02-01,roi1,0.0006751141814642168,AVI
2019-03-01,roi1,0.000652728003045209,AVI
2019-04-01,roi1,0.000612110484027543,AVI
2019-05-01,roi1,0.0006625189935134076,AVI
2019-06-01,roi1,0.0007010323141010509,AVI
2019-07-01,roi1,0.0006684744457580709,AVI
2019-08-01,roi1,0.0007032396243573292,AVI
2019-09-01,roi1,0.0005835141826814629,AVI
2019-10-01,roi1,0.0006696792017960044,AVI
2019-11-01,roi1,0.0007132982713958024,AVI
2019-12-01,roi1,0.0005220793912666891,AVI
2020-01-01,roi1,0.0003683564901915316,AVI
2020-02-01,roi1,0.00037221339526662936,AVI
2020-03-01,roi1,-1.2655928558115904e-05,AVI
2020-04-01,roi1,0.00043181902048522463,AVI
2020-05-01,roi1,0.0005228995005394554,AVI
2020-06-01,roi1,0.0005468208242476977,AVI
2020-07-01,roi1,0.0006178336644406994,AVI
2020-08-01,roi1,0.0006554900076169938,AVI
2020-09-01,roi1,0.0007568027951648442,AVI
2020-10-01,roi1,0.0008264100283101555,AVI
2020-11-01,roi1,0.0005605619904407224,AVI
2020-12-01,roi1,0.0007353574123560922,AVI
2021-01-01,roi1,0.0008266113599994965,AVI
2021-02-01,roi1,0.0009518526434470814,AVI
2021-03-01,roi1,0.0006791873379892913,AVI
2021-04-01,roi1,0.0007209624096118548,AVI
2021-05-01,roi1,0.0006961198722547394,AVI
2021-06-01,roi1,0.0008013208153733584,AVI
2021-07-01,roi1,0.0006183113487134409,AVI
2021-08-01,roi1,0.0005278180389972439,AVI
2021-09-01,roi1,0.00035315815506214873,AVI
2021-10-01,roi1,0.00024381895288136613,AVI
2021-11-01,roi1,0.0004593051143650767,AVI
2021-12-01,roi1,0.0005615430268192161,AVI
2022-01-01,roi1,0.000718744834682948,AVI
2022-02-01,roi1,0.0006138067772253297,AVI
2022-03-01,roi1,0.0008040278319946701,AVI
2022-04-01,roi1,0.000693051031377849,AVI
2022-05-01,roi1,0.0006663400840778502,AVI
2022-06-01,roi1,0.0006585984524225589,AVI
2022-07-01,roi1,0.000610661200148023,AVI
2022-08-01,roi1,0.0006357067728782183,AVI
2022-09-01,roi1,0.0005817694945634427,AVI
2022-10-01,roi1,8.229331695252243e-05,AVI
2022-11-01,roi1,0.0005096403980475768,AVI
2022-12-01,roi1,0.0004918615577533061,AVI
2023-01-01,roi1,0.0005253798991849144,AVI
2023-02-01,roi1,0.0005324250830471844,AVI
2023-03-01,roi1,0.0005270443741757301,AVI
2023-04-01,roi1,0.0006131331578785723,AVI
2023-05-01,roi1,0.0008012160999834093,AVI
2023-06-01,roi1,0.0010555485971948035,AVI
2023-07-01,roi1,0.0009255374639996992,AVI
2023-08-01,roi1,0.0008469794360697446,AVI
2023-09-01,roi1,0.0009004028174384952,AVI
2023-10-01,roi1,0.0010194816364248716,AVI
2023-11-01,roi1,0.0009764123576584263,AVI
2023-12-01,roi1,0.000978819705965214,AVI
2024-01-01,roi1,0.0005362064923314695,AVI
2024-02-01,roi1,0.0006655597276872154,AVI
2024-03-01,roi1,0.0007639176223391992,AVI
2024-04-01,roi1,0.0006976003994504787,AVI
2024-05-01,roi1,0.0005544143076836052,AVI
2024-06-01,roi1,0.0008611615499832463,AVI
2024-07-01,roi1,0.0007999495933001402,AVI
2024-08-01,roi1,0.000502363035795396,AVI
2017-01-01,roi2,0.0007942948244890291,AVI
2017-02-01,roi2,0.0009178810977879685,AVI
2017-03-01,roi2,0.0008282305784685532,AVI
2017-04-01,roi2,0.0009871985599917428,AVI
2017-05-01,roi2,0.0008316744494411654,AVI
2017-06-01,roi2,0.0007803671170494272,AVI
2017-07-01,roi2,0.0007259325189804714,AVI
2017-08-01,roi2,0.0006143062944309668,AVI
2017-09-01,roi2,0.0005405630027291722,AVI
2017-10-01,roi2,0.0005569360976966621,AVI
2017-11-01,roi2,0.0005427287459432463,AVI
2017-12-01,roi2,0.0005373952189366508,AVI
2018-01-01,roi2,0.0005298486942305962,AVI
2018-02-01,roi2,0.0005319408500026752,AVI
2018-03-01,roi2,0.0004791208700665009,AVI
2018-04-01,roi2,0.0004210732909935474,AVI
2018-05-01,roi2,0.0004116691047741901,AVI
2018-06-01,roi2,0.00039517365643966393,AVI
2018-07-01,roi2,0.0004941690662903968,AVI
2018-08-01,roi2,0.0005319014803872986,AVI
2018-09-01,roi2,0.000637501129873056,AVI
2018-10-01,roi2,0.000825154247382175,AVI
2018-11-01,roi2,0.0008665502012556876,AVI
2018-12-01,roi2,0.001013488327334403,AVI
2019-01-01,roi2,0.0009143109276611928,AVI
2019-02-01,roi2,0.0008400568312050778,AVI
2019-03-01,roi2,0.0007712658885248963,AVI
2019-04-01,roi2,0.0006699844447561403,AVI
2019-05-01,roi2,0.0005868353864969367,AVI
2019-06-01,roi2,0.0006585032071179271,AVI
2019-07-01,roi2,0.000593501845051811,AVI
2019-08-01,roi2,0.0006947487533704988,AVI
2019-09-01,roi2,0.0007072179433763628,AVI
2019-10-01,roi2,0.0008021508483069923,AVI
2019-11-01,roi2,0.0006962257090222533,AVI
2019-12-01,roi2,0.00047799406178015497,AVI
2020-01-01,roi2,0.0003862928755846922,AVI
2020-02-01,roi2,0.00037688701587468244,AVI
2020-03-01,roi2,0.00010988493990418105,AVI
2020-04-01,roi2,0.0004342126733934937,AVI
2020-05-01,roi2,0.0005349409586530417,AVI
2020-06-01,roi2,0.000503934764943669,AVI
2020-07-01,roi2,0.0006486919055197175,AVI
2020-08-01,roi2,0.0006608747468242136,AVI
2020-09-01,roi2,0.0007561605807701333,AVI
2020-10-01,roi2,0.000777665181101104,AVI
2020-11-01,roi2,0.0007192909036454299,AVI
2020-12-01,roi2,0.00073261989397306,AVI
2021-01-01,roi2,0.0008597949763195788,AVI
2021-02-01,roi2,0.0009004778620321983,AVI
2021-03-01,roi2,0.0009150743908115704,AVI
2021-04-01,roi2,0.000915059072441004,AVI
2021-05-01,roi2,0.000843243522660283,AVI
2021-06-01,roi2,0.0008050238024621492,AVI
2021-07-01,roi2,0.0006116700772059487,AVI
2021-08-01,roi2,0.0006736996127302195,AVI
2021-09-01,roi2,0.00040091155842545556,AVI
2021-10-01,roi2,0.00029838779544120124,AVI
2021-11-01,roi2,0.0005269063350694904,AVI
2021-12-01,roi2,0.0006220646887261353,AVI
2022-01-01,roi2,0.0007368488223477689,AVI
2022-02-01,roi2,0.000750744684585273,AVI
2022-03-01,roi2,0.0008825033719929375,AVI
2022-04-01,roi2,0.0007216707288755765,AVI
2022-05-01,roi2,0.0006342177707650788,AVI
2022-06-01,roi2,0.0006117287172734319,AVI
2022-07-01,roi2,0.0005733588175831323,AVI
2022-08-01,roi2,0.0006095425508039608,AVI
2022-09-01,roi2,0.0005790816248749952,AVI
2022-10-01,roi2,0.00044536931989334563,AVI
2022-11-01,roi2,0.00048611205551824454,AVI
2022-12-01,roi2,0.00046551979640826167,AVI
2023-01-01,roi2,0.0005085943301013898,AVI
2023-02-01,roi2,0.0005246460061036362,AVI
2023-03-01,roi2,0.0005269903634754649,AVI
2023-04-01,roi2,0.0006359872736618713,AVI
2023-05-01,roi2,0.0007757684603549711,AVI
2023-06-01,roi2,0.0010422032148578913,AVI
2023-07-01,roi2,0.0010653339185478859,AVI
2023-08-01,roi2,0.0009663139919581291,AVI
2023-09-01,roi2,0.001014664843633669,AVI
2023-10-01,roi2,0.0010731583902385492,AVI
2023-11-01,roi2,0.001035127339954917,AVI
2023-12-01,roi2,0.0009960410547151864,AVI
2024-01-01,roi2,0.0009619447354130844,AVI
2024-02-01,roi2,0.0008922757000037825,AVI
2024-03-01,roi2,0.0008038577655303114,AVI
2024-04-01,roi2,0.000710228552888957,AVI
2024-05-01,roi2,0.0008640331488984452,AVI
2024-06-01,roi2,0.0008992213612192873,AVI
2024-07-01,roi2,0.0008606060563898774,AVI
2024-08-01,roi2,0.0008694244203729678,AVI
2017-01-01,roi1,0.013620130032616166,EVI
2017-02-01,roi1,0.01655521314456216,EVI
2017-03-01,roi1,0.015180052714282043,EVI
2017-04-01,roi1,0.015235452931001476,EVI
2017-05-01,roi1,0.014245671729631915,EVI
2017-06-01,roi1,0.014423635371082925,EVI
2017-07-01,roi1,0.014712660114756703,EVI
2017-08-01,roi1,0.01406917853756955,EVI
2017-09-01,roi1,0.013065039234610028,EVI
2017-10-01,roi1,0.012873197686197983,EVI
2017-11-01,roi1,0.011917093567098283,EVI
2017-12-01,roi1,0.012024601956169853,EVI
2018-01-01,roi1,0.011704321100464824,EVI
2018-02-01,roi1,0.011014291010873879,EVI
2018-03-01,roi1,0.011242649283384415,EVI
2018-04-01,roi1,0.010464911642913638,EVI
2018-05-01,roi1,0.009891498232370465,EVI
2018-06-01,roi1,0.009683586355639111,EVI
2018-07-01,roi1,0.010649657147731082,EVI
2018-08-01,roi1,0.011175481934227566,EVI
2018-09-01,roi1,0.011680132097362274,EVI
2018-10-01,roi1,0.014531295812501876,EVI
2018-11-01,roi1,0.016100807410236978,EVI
2018-12-01,roi1,0.015632817286098822,EVI
2019-01-01,roi1,0.014891875292895294,EVI
2019-02-01,roi1,0.014464600227130838,EVI
2019-03-01,roi1,0.013769693539027553,EVI
2019-04-01,roi1,0.01332883102419059,EVI
2019-05-01,roi1,0.014127297537354653,EVI
2019-06-01,roi1,0.014507457133836903,EVI
2019-07-01,roi1,0.014245894764294442,EVI
2019-08-01,roi1,0.01479375550999579,EVI
2019-09-01,roi1,0.01297625453305589,EVI
2019-10-01,roi1,0.013852330215436453,EVI
2019-11-01,roi1,0.01365674409234006,EVI
2019-12-01,roi1,0.011633378638272015,EVI
2020-01-01,roi1,0.009763325501367104,EVI
2020-02-01,roi1,0.009724802825669551,EVI
2020-03-01,roi1,-0.0001975946674698257,EVI
2020-04-01,roi1,0.010488704229592848,EVI
2020-05-01,roi1,0.011786593733582183,EVI
2020-06-01,roi1,0.01212743783584628,EVI
2020-07-01,roi1,0.01274194301856652,EVI
2020-08-01,roi1,0.013239450790966915,EVI
2020-09-01,roi1,0.014396873436065084,EVI
2020-10-01,roi1,0.015056861701989247,EVI
2020-11-01,roi1,0.012490436128916968,EVI
2020-12-01,roi1,0.015113331959448527,EVI
2021-01-01,roi1,0.01600609619409575,EVI
2021-02-01,roi1,0.015752912425223965,EVI
2021-03-01,roi1,0.012697349136362907,EVI
2021-04-01,roi1,0.014853861752003364,EVI
2021-05-01,roi1,0.014597346817247545,EVI
2021-06-01,roi1,0.01543506201331994,EVI
2021-07-01,roi1,0.013567160050511529,EVI
2021-08-01,roi1,0.012302544253058045,EVI
2021-09-01,roi1,0.008946667992078937,EVI
2021-10-01,roi1,0.007558327133445416,EVI
2021-11-01,roi1,0.010923023143568737,EVI
2021-12-01,roi1,0.01223083050923513,EVI
2022-01-01,roi1,0.014057263199474854,EVI
2022-02-01,roi1,0.013459226095189323,EVI
2022-03-01,roi1,0.015498057271656903,EVI
2022-04-01,roi1,0.014392985009408577,EVI
2022-05-01,roi1,0.014213553510427713,EVI
2022-06-01,roi1,0.014056806025143961,EVI
2022-07-01,roi1,0.01340540141165067,EVI
2022-08-01,roi1,0.013915858463532134,EVI
2022-09-01,roi1,0.012900331949361339,EVI
2022-10-01,roi1,0.001487743910643836,EVI
2022-11-01,roi1,0.009923691407411709,EVI
2022-12-01,roi1,0.009690474178813524,EVI
2023-01-01,roi1,0.010168972346988249,EVI
2023-02-01,roi1,0.010114628273100217,EVI
2023-03-01,roi1,0.010031457245468594,EVI
2023-04-01,roi1,0.01103164796181499,EVI
2023-05-01,roi1,0.013194248649013106,EVI
2023-06-01,roi1,0.01637455959473546,EVI
2023-07-01,roi1,0.015198843148806014,EVI
2023-08-01,roi1,0.01438002797743076,EVI
2023-09-01,roi1,0.014817142890217414,EVI
2023-10-01,roi1,0.015829430687119887,EVI
2023-11-01,roi1,0.015349764480011581,EVI
2023-12-01,roi1,0.015367310702400643,EVI
2024-01-01,roi1,0.010427776210908658,EVI
2024-02-01,roi1,0.012379842961487968,EVI
2024-03-01,roi1,0.013284068331327798,EVI
2024-04-01,roi1,0.012790636408536928,EVI
2024-05-01,roi1,0.008861529768273353,EVI
2024-06-01,roi1,0.014156802812275741,EVI
2024-07-01,roi1,0.013423032400209624,EVI
2024-08-01,roi1,0.010083455858662362,EVI
2017-01-01,roi2,0.01471780613022942,EVI
2017-02-01,roi2,0.01591084298599655,EVI
2017-03-01,roi2,0.016111230928010065,EVI
2017-04-01,roi2,0.017637877238522358,EVI
2017-05-01,roi2,0.015487220340427493,EVI
2017-06-01,roi2,0.01503452462616128,EVI
2017-07-01,roi2,0.014326456924688445,EVI
2017-08-01,roi2,0.013222136537734516,EVI
2017-09-01,roi2,0.01214757258296361,EVI
2017-10-01,roi2,0.012484570816205688,EVI
2017-11-01,roi2,0.01235092321607292,EVI
2017-12-01,roi2,0.01212971258947386,EVI
2018-01-01,roi2,0.011786516223223853,EVI
2018-02-01,roi2,0.011745974843466891,EVI
2018-03-01,roi2,0.011087548880089334,EVI
2018-04-01,roi2,0.01037356929287709,EVI
2018-05-01,roi2,0.010232955457046488,EVI
2018-06-01,roi2,0.009859410521204289,EVI
2018-07-01,roi2,0.011355050538945692,EVI
2018-08-01,roi2,0.011810522963438255,EVI
2018-09-01,roi2,0.012849724713060605,EVI
2018-10-01,roi2,0.014850851370194854,EVI
2018-11-01,roi2,0.01650960193562993,EVI
2018-12-01,roi2,0.018088317319180532,EVI
2019-01-01,roi2,0.017019793662074175,EVI
2019-02-01,roi2,0.016234784506304507,EVI
2019-03-01,roi2,0.014887301020950958,EVI
2019-04-01,roi2,0.013829824376020053,EVI
2019-05-01,roi2,0.013066195332164587,EVI
2019-06-01,roi2,0.013807283097386077,EVI
2019-07-01,roi2,0.01308294367233028,EVI
2019-08-01,roi2,0.014390234365471453,EVI
2019-09-01,roi2,0.014309330780764995,EVI
2019-10-01,roi2,0.015315673145665901,EVI
2019-11-01,roi2,0.012520631778265621,EVI
2019-12-01,roi2,0.011250122720549052,EVI
2020-01-01,roi2,0.009949098020076597,EVI
2020-02-01,roi2,0.00970869400569953,EVI
2020-03-01,roi2,0.0021488363232819345,EVI
2020-04-01,roi2,0.01045446464424202,EVI
2020-05-01,roi2,0.011916939060391799,EVI
2020-06-01,roi2,0.01150979410967451,EVI
2020-07-01,roi2,0.012844150019101878,EVI
2020-08-01,roi2,0.013044535758326602,EVI
2020-09-01,roi2,0.014046050923868963,EVI
2020-10-01,roi2,0.01446269064719565,EVI
2020-11-01,roi2,0.014701604032597945,EVI
2020-12-01,roi2,0.015073303458581742,EVI
2021-01-01,roi2,0.016503812830250424,EVI
2021-02-01,roi2,0.01678274431660319,EVI
2021-03-01,roi2,0.01711431588914796,EVI
2021-04-01,roi2,0.01693538496362638,EVI
2021-05-01,roi2,0.01594774789209189,EVI
2021-06-01,roi2,0.01535045616327556,EVI
2021-07-01,roi2,0.013184956762033356,EVI
2021-08-01,roi2,0.013828606615215594,EVI
2021-09-01,roi2,0.01016760322367116,EVI
2021-10-01,roi2,0.008504156420113346,EVI
2021-11-01,roi2,0.011599801054401173,EVI
2021-12-01,roi2,0.01268409414417969,EVI
2022-01-01,roi2,0.01384290356508685,EVI
2022-02-01,roi2,0.014481875517202893,EVI
2022-03-01,roi2,0.016464807137403854,EVI
2022-04-01,roi2,0.014617809332013915,EVI
2022-05-01,roi2,0.013722853933326945,EVI
2022-06-01,roi2,0.013327459508787111,EVI
2022-07-01,roi2,0.012745401908437575,EVI
2022-08-01,roi2,0.01343781449053033,EVI
2022-09-01,roi2,0.012734069899532416,EVI
2022-10-01,roi2,0.010735802129386043,EVI
2022-11-01,roi2,0.009643785325847634,EVI
2022-12-01,roi2,0.009361934289548204,EVI
2023-01-01,roi2,0.009985771792006458,EVI
2023-02-01,roi2,0.010060602059581867,EVI
2023-03-01,roi2,0.010055022911318235,EVI
2023-04-01,roi2,0.011200667380025479,EVI
2023-05-01,roi2,0.012793138048661983,EVI
2023-06-01,roi2,0.016072354616340004,EVI
2023-07-01,roi2,0.016578640467810025,EVI
2023-08-01,roi2,0.015541010420137528,EVI
2023-09-01,roi2,0.015754354429371273,EVI
2023-10-01,roi2,0.016090724034363835,EVI
2023-11-01,roi2,0.01569235027284236,EVI
2023-12-01,roi2,0.015358371406348631,EVI
2024-01-01,roi2,0.015146541346100217,EVI
2024-02-01,roi2,0.014515815450299533,EVI
2024-03-01,roi2,0.013452670040565865,EVI
2024-04-01,roi2,0.01273218840400628,EVI
2024-05-01,roi2,0.014352572852382667,EVI
2024-06-01,roi2,0.014445308945015264,EVI
2024-07-01,roi2,0.014012137310453393,EVI
2024-08-01,roi2,0.014086874166370182,EVI
2017-01-01,roi1,4.353620541909185,GCI
2017-02-01,roi1,5.330100519357971,GCI
2017-03-01,roi1,4.987933050510052,GCI
2017-04-01,roi1,4.396368909190443,GCI
2017-05-01,roi1,4.520966111173111,GCI
2017-06-01,roi1,4.698904097391773,GCI
2017-07-01,roi1,4.984799153416576,GCI
2017-08-01,roi1,4.5246222166643415,GCI
2017-09-01,roi1,4.246040128541723,GCI
2017-10-01,roi1,4.460397906418547,GCI
2017-11-01,roi1,4.584964161411692,GCI
2017-12-01,roi1,5.186241318922129,GCI
2018-01-01,roi1,4.472650708029273,GCI
2018-02-01,roi1,3.6673950876531123,GCI
2018-03-01,roi1,6.303712426446723,GCI
2018-04-01,roi1,7.316144854507304,GCI
2018-05-01,roi1,5.343176509179353,GCI
2018-06-01,roi1,4.588364053137427,GCI
2018-07-01,roi1,2.8979185087627832,GCI
2018-08-01,roi1,3.8118975679715907,GCI
2018-09-01,roi1,2.424053106389208,GCI
2018-10-01,roi1,5.157011399450384,GCI
2018-11-01,roi1,4.635392307763936,GCI
2018-12-01,roi1,5.112442993676561,GCI
2019-01-01,roi1,4.970543992708883,GCI
2019-02-01,roi1,4.652608339051764,GCI
2019-03-01,roi1,3.4114560345891864,GCI
2019-04-01,roi1,4.531329287744663,GCI
2019-05-01,roi1,4.496059570327334,GCI
2019-06-01,roi1,5.181574491734614,GCI
2019-07-01,roi1,4.962101492132878,GCI
2019-08-01,roi1,5.913456423734143,GCI
2019-09-01,roi1,5.066099669949851,GCI
2019-10-01,roi1,4.251680358927389,GCI
2019-11-01,roi1,4.453621111501395,GCI
2019-12-01,roi1,2.9128626719273867,GCI
2020-01-01,roi1,55.679435897602104,GCI
2020-02-01,roi1,25.817708668536202,GCI
2020-03-01,roi1,-0.05105584770635334,GCI
2020-04-01,roi1,4.93058302561667,GCI
2020-05-01,roi1,4.551352896914894,GCI
2020-06-01,roi1,3.1005249341021504,GCI
2020-07-01,roi1,3.901835097472648,GCI
2020-08-01,roi1,3.6581866291836613,GCI
2020-09-01,roi1,4.401818761985611,GCI
2020-10-01,roi1,3.7561848956478654,GCI
2020-11-01,roi1,3.3388050566494765,GCI
2020-12-01,roi1,inf,GCI
2021-01-01,roi1,4.94926661452392,GCI
2021-02-01,roi1,3.2987976170400963,GCI
2021-03-01,roi1,2.632314795867221,GCI
2021-04-01,roi1,4.685751656685081,GCI
2021-05-01,roi1,4.784407997242418,GCI
2021-06-01,roi1,5.200387697353417,GCI
2021-07-01,roi1,4.835733172869193,GCI
2021-08-01,roi1,3.277004821818147,GCI
2021-09-01,roi1,4.017571064007475,GCI
2021-10-01,roi1,2.1231041294904807,GCI
2021-11-01,roi1,3.7469533476168237,GCI
2021-12-01,roi1,4.227326564456422,GCI
2022-01-01,roi1,4.292530322875817,GCI
2022-02-01,roi1,3.584398169860403,GCI
2022-03-01,roi1,4.172992389011562,GCI
2022-04-01,roi1,4.493793003015106,GCI
2022-05-01,roi1,4.569922681935506,GCI
2022-06-01,roi1,inf,GCI
2022-07-01,roi1,5.27861674070332,GCI
2022-08-01,roi1,5.466323203912086,GCI
2022-09-01,roi1,4.6052655257518005,GCI
2022-10-01,roi1,-0.06433140918099675,GCI
2022-11-01,roi1,8.593220497527788e+302,GCI
2022-12-01,roi1,inf,GCI
2023-01-01,roi1,1.1511343951553905,GCI
2023-02-01,roi1,1.098477373206792,GCI
2023-03-01,roi1,1.0712885254690745,GCI
2023-04-01,roi1,1.1970187346903023,GCI
2023-05-01,roi1,1.4866529576633578,GCI
2023-06-01,roi1,1.6974153817589475,GCI
2023-07-01,roi1,1.5832387447540943,GCI
2023-08-01,roi1,1.6320339013846408,GCI
2023-09-01,roi1,1.6348917645176022,GCI
2023-10-01,roi1,1.6728235246099847,GCI
2023-11-01,roi1,1.7505472097778407,GCI
2023-12-01,roi1,1.6743013666186164,GCI
2024-01-01,roi1,inf,GCI
2024-02-01,roi1,1.3302654330506933,GCI
2024-03-01,roi1,1.5023890506198028,GCI
2024-04-01,roi1,1.447386823270893,GCI
2024-05-01,roi1,0.8799916871488108,GCI
2024-06-01,roi1,1.552566839509667,GCI
2024-07-01,roi1,1.4269553461131264,GCI
2024-08-01,roi1,1.1639753591879762,GCI
2017-01-01,roi2,4.131586064518492,GCI
2017-02-01,roi2,5.114356352979734,GCI
2017-03-01,roi2,5.325805713838781,GCI
2017-04-01,roi2,5.244001847803406,GCI
2017-05-01,roi2,5.102310294035243,GCI
2017-06-01,roi2,4.764763957527391,GCI
2017-07-01,roi2,4.610779830813095,GCI
2017-08-01,roi2,4.426186815686949,GCI
2017-09-01,roi2,4.165280994647935,GCI
2017-10-01,roi2,4.564643387795128,GCI
2017-11-01,roi2,4.655730445103434,GCI
2017-12-01,roi2,5.119768116931854,GCI
2018-01-01,roi2,4.6677632374641425,GCI
2018-02-01,roi2,2.749369226627438,GCI
2018-03-01,roi2,4.48368758797419,GCI
2018-04-01,roi2,7.9739187784637515,GCI
2018-05-01,roi2,inf,GCI
2018-06-01,roi2,3.8660964145133656,GCI
2018-07-01,roi2,4.839685202768474,GCI
2018-08-01,roi2,4.072425378529294,GCI
2018-09-01,roi2,3.912628923337991,GCI
2018-10-01,roi2,5.350890754077713,GCI
2018-11-01,roi2,4.90584979930355,GCI
2018-12-01,roi2,5.610185108193209,GCI
2019-01-01,roi2,5.206243578222195,GCI
2019-02-01,roi2,4.875810256538464,GCI
2019-03-01,roi2,3.893698352977579,GCI
2019-04-01,roi2,4.451085301992033,GCI
2019-05-01,roi2,4.892619568880254,GCI
2019-06-01,roi2,4.623379513877465,GCI
2019-07-01,roi2,4.129988123875599,GCI
2019-08-01,roi2,5.7451216253328745,GCI
2019-09-01,roi2,2.8600002938216593,GCI
2019-10-01,roi2,5.340090052689281,GCI
2019-11-01,roi2,3.2962748327811995,GCI
2019-12-01,roi2,3.5775285866963276,GCI
2020-01-01,roi2,7.519903683885566e+302,GCI
2020-02-01,roi2,28.277082063694404,GCI
2020-03-01,roi2,0.04646457641172947,GCI
2020-04-01,roi2,7.207404825071353,GCI
2020-05-01,roi2,4.510823796233861,GCI
2020-06-01,roi2,2.7539630237174237,GCI
2020-07-01,roi2,3.938390503273297,GCI
2020-08-01,roi2,3.5285788969097265,GCI
2020-09-01,roi2,4.2203291471040005,GCI
2020-10-01,roi2,3.5750034373066275,GCI
2020-11-01,roi2,4.369658408422988,GCI
2020-12-01,roi2,4.6249037199984135,GCI
2021-01-01,roi2,4.940761876201581,GCI
2021-02-01,roi2,5.250179725740136,GCI
2021-03-01,roi2,5.1403450363067105,GCI
2021-04-01,roi2,5.185341901934565,GCI
2021-05-01,roi2,5.12351278202568,GCI
2021-06-01,roi2,4.095681541728928,GCI
2021-07-01,roi2,4.496098356635295,GCI
2021-08-01,roi2,3.4776723644025234,GCI
2021-09-01,roi2,11.995030669428631,GCI
2021-10-01,roi2,2.508714040924136,GCI
2021-11-01,roi2,3.9511449824723384,GCI
2021-12-01,roi2,4.494721625522488,GCI
2022-01-01,roi2,4.209345838960836,GCI
2022-02-01,roi2,4.1667185119663195,GCI
2022-03-01,roi2,4.53189714036568,GCI
2022-04-01,roi2,4.331644367682347,GCI
2022-05-01,roi2,4.235685392860046,GCI
2022-06-01,roi2,4.972289765080827,GCI
2022-07-01,roi2,4.734087286499439,GCI
2022-08-01,roi2,5.103599406921155,GCI
2022-09-01,roi2,4.584600266564644,GCI
2022-10-01,roi2,10.427369233756675,GCI
2022-11-01,roi2,inf,GCI
2022-12-01,roi2,7.519903683885566e+302,GCI
2023-01-01,roi2,7.519903683885566e+302,GCI
2023-02-01,roi2,1.0625449205526885,GCI
2023-03-01,roi2,1.0449844664821524,GCI
2023-04-01,roi2,1.1960966768208756,GCI
2023-05-01,roi2,1.4245882934174265,GCI
2023-06-01,roi2,1.7128181895013432,GCI
2023-07-01,roi2,1.7248863379256651,GCI
2023-08-01,roi2,1.7056563310867012,GCI
2023-09-01,roi2,1.6841656031197871,GCI
2023-10-01,roi2,1.699137122908518,GCI
2023-11-01,roi2,1.750280329514809,GCI
2023-12-01,roi2,1.6515414618070898,GCI
2024-01-01,roi2,1.6219404099676062,GCI
2024-02-01,roi2,1.5942721689693784,GCI
2024-03-01,roi2,1.4829690160886948,GCI
2024-04-01,roi2,1.4244453114308393,GCI
2024-05-01,roi2,1.597132533017115,GCI
2024-06-01,roi2,1.5338561627964773,GCI
2024-07-01,roi2,1.544267185736518,GCI
2024-08-01,roi2,1.5038898197845039,GCI
2017-01-01,roi1,0.6075798203479282,GNDVI
2017-02-01,roi1,0.6473260805538293,GNDVI
2017-03-01,roi1,0.6206574206212956,GNDVI
2017-04-01,roi1,0.6138797083685734,GNDVI
2017-05-01,roi1,0.6092436719821518,GNDVI
2017-06-01,roi1,0.6174910347972419,GNDVI
2017-07-01,roi1,0.6230884133077955,GNDVI
2017-08-01,roi1,0.6076905003439494,GNDVI
2017-09-01,roi1,0.5866434230980974,GNDVI
2017-10-01,roi1,0.6075021056410574,GNDVI
2017-11-01,roi1,0.6014877290958942,GNDVI
2017-12-01,roi1,0.6086178193321129,GNDVI
2018-01-01,roi1,0.5943754532760792,GNDVI
2018-02-01,roi1,0.5670699339637191,GNDVI
2018-03-01,roi1,0.6149996109314354,GNDVI
2018-04-01,roi1,0.6283269529663145,GNDVI
2018-05-01,roi1,0.6154481485309857,GNDVI
2018-06-01,roi1,0.5876925885036121,GNDVI
2018-07-01,roi1,0.5417874241394114,GNDVI
2018-08-01,roi1,0.5869088772943724,GNDVI
2018-09-01,roi1,0.49549356392500093,GNDVI
2018-10-01,roi1,0.6386100998521393,GNDVI
2018-11-01,roi1,0.6192887200004018,GNDVI
2018-12-01,roi1,0.6320674602900591,GNDVI
2019-01-01,roi1,0.6286757582858343,GNDVI
2019-02-01,roi1,0.6185896076886713,GNDVI
2019-03-01,roi1,0.5621158777501294,GNDVI
2019-04-01,roi1,0.6011917832832003,GNDVI
2019-05-01,roi1,0.6039352003530069,GNDVI
2019-06-01,roi1,0.6238482371887046,GNDVI
2019-07-01,roi1,0.61797546008675,GNDVI
2019-08-01,roi1,0.6556522546008325,GNDVI
2019-09-01,roi1,0.6264738621101761,GNDVI
2019-10-01,roi1,0.6027152289219316,GNDVI
2019-11-01,roi1,0.5971436705254941,GNDVI
2019-12-01,roi1,0.4295398829408783,GNDVI
2020-01-01,roi1,0.6770596807264002,GNDVI
2020-02-01,roi1,0.6541017230548819,GNDVI
2020-03-01,roi1,-0.017649107129650836,GNDVI
2020-04-01,roi1,0.5969909621531225,GNDVI
2020-05-01,roi1,0.6120012336190027,GNDVI
2020-06-01,roi1,0.5455935849852106,GNDVI
2020-07-01,roi1,0.5910068881966136,GNDVI
2020-08-01,roi1,0.5798807465036755,GNDVI
2020-09-01,roi1,0.6172956947509265,GNDVI
2020-10-01,roi1,0.5674105455276928,GNDVI
2020-11-01,roi1,0.5315499972549934,GNDVI
2020-12-01,roi1,0.6188208999195336,GNDVI
2021-01-01,roi1,0.6299371999351788,GNDVI
2021-02-01,roi1,0.4535675092291459,GNDVI
2021-03-01,roi1,0.3711935893848757,GNDVI
2021-04-01,roi1,0.6134953234527499,GNDVI
2021-05-01,roi1,0.6230929773329111,GNDVI
2021-06-01,roi1,0.6283245345628024,GNDVI
2021-07-01,roi1,0.6081945166661296,GNDVI
2021-08-01,roi1,0.4971156946560142,GNDVI
2021-09-01,roi1,0.5046970217329856,GNDVI
2021-10-01,roi1,0.4551255236673542,GNDVI
2021-11-01,roi1,0.5789293444940494,GNDVI
2021-12-01,roi1,0.6045947026474852,GNDVI
2022-01-01,roi1,0.6117208849857534,GNDVI
2022-02-01,roi1,0.5320588303432597,GNDVI
2022-03-01,roi1,0.5929930332714337,GNDVI
2022-04-01,roi1,0.6032857983115485,GNDVI
2022-05-01,roi1,0.609004342138703,GNDVI
2022-06-01,roi1,0.6287620952419604,GNDVI
2022-07-01,roi1,0.6212536616854051,GNDVI
2022-08-01,roi1,0.6458220093386463,GNDVI
2022-09-01,roi1,0.6163167263632753,GNDVI
2022-10-01,roi1,0.01172795742991911,GNDVI
2022-11-01,roi1,0.35430570276708495,GNDVI
2022-12-01,roi1,0.3454184656055177,GNDVI
2023-01-01,roi1,0.34380713907102683,GNDVI
2023-02-01,roi1,0.34075671335118973,GNDVI
2023-03-01,roi1,0.33291574589626066,GNDVI
2023-04-01,roi1,0.34685395932762936,GNDVI
2023-05-01,roi1,0.38180025963218817,GNDVI
2023-06-01,roi1,0.4197490016586221,GNDVI
2023-07-01,roi1,0.4093397485386915,GNDVI
2023-08-01,roi1,0.4061258713705288,GNDVI
2023-09-01,roi1,0.40738387285234745,GNDVI
2023-10-01,roi1,0.4187962697760058,GNDVI
2023-11-01,roi1,0.42123218550023994,GNDVI
2023-12-01,roi1,0.41771153253183685,GNDVI
2024-01-01,roi1,0.31995139061344946,GNDVI
2024-02-01,roi1,0.3671095421739246,GNDVI
2024-03-01,roi1,0.3939839361444662,GNDVI
2024-04-01,roi1,0.3809918709852935,GNDVI
2024-05-01,roi1,0.2285712599542521,GNDVI
2024-06-01,roi1,0.40237002307524605,GNDVI
2024-07-01,roi1,0.3767332091667997,GNDVI
2024-08-01,roi1,0.3191884299670301,GNDVI
2017-01-01,roi2,0.5900842961122094,GNDVI
2017-02-01,roi2,0.6210828451345762,GNDVI
2017-03-01,roi2,0.6378661104917692,GNDVI
2017-04-01,roi2,0.6576326350363779,GNDVI
2017-05-01,roi2,0.6349797263532257,GNDVI
2017-06-01,roi2,0.6218629359691971,GNDVI
2017-07-01,roi2,0.6100807917822798,GNDVI
2017-08-01,roi2,0.5937138141758984,GNDVI
2017-09-01,roi2,0.5701700747013851,GNDVI
2017-10-01,roi2,0.6004438256321076,GNDVI
2017-11-01,roi2,0.6013932184476743,GNDVI
2017-12-01,roi2,0.6062357528670822,GNDVI
2018-01-01,roi2,0.593136841673098,GNDVI
2018-02-01,roi2,0.5056211843629614,GNDVI
2018-03-01,roi2,0.59088393937097,GNDVI
2018-04-01,roi2,0.6215833414479474,GNDVI
2018-05-01,roi2,0.6773670646987279,GNDVI
2018-06-01,roi2,0.574860328866581,GNDVI
2018-07-01,roi2,0.6112054469461723,GNDVI
2018-08-01,roi2,0.5996440219254162,GNDVI
2018-09-01,roi2,0.5848062601080785,GNDVI
2018-10-01,roi2,0.6344777802374966,GNDVI
2018-11-01,roi2,0.6282576039634656,GNDVI
2018-12-01,roi2,0.6691138430544147,GNDVI
2019-01-01,roi2,0.6557595521247057,GNDVI
2019-02-01,roi2,0.6411644912286647,GNDVI
2019-03-01,roi2,0.5874290709592247,GNDVI
2019-04-01,roi2,0.6046966891226307,GNDVI
2019-05-01,roi2,0.6139316655648781,GNDVI
2019-06-01,roi2,0.6019937259725145,GNDVI
2019-07-01,roi2,0.5819843555876617,GNDVI
2019-08-01,roi2,0.6415244338734736,GNDVI
2019-09-01,roi2,0.5349515090153447,GNDVI
2019-10-01,roi2,0.6396588905470704,GNDVI
2019-11-01,roi2,0.49876221774494506,GNDVI
2019-12-01,roi2,0.5047400784836287,GNDVI
2020-01-01,roi2,0.6592807561237163,GNDVI
2020-02-01,roi2,0.644010306788691,GNDVI
2020-03-01,roi2,0.030018100166335025,GNDVI
2020-04-01,roi2,0.5977211654270537,GNDVI
2020-05-01,roi2,0.6062739586751948,GNDVI
2020-06-01,roi2,0.5140806184171985,GNDVI
2020-07-01,roi2,0.5811523257002682,GNDVI
2020-08-01,roi2,0.563033072322043,GNDVI
2020-09-01,roi2,0.5959172709952355,GNDVI
2020-10-01,roi2,0.5611754903349245,GNDVI
2020-11-01,roi2,0.6010575948701862,GNDVI
2020-12-01,roi2,0.609678856525437,GNDVI
2021-01-01,roi2,0.6367775885826583,GNDVI
2021-02-01,roi2,0.6392407769167053,GNDVI
2021-03-01,roi2,0.6502455087021881,GNDVI
2021-04-01,roi2,0.6519823613157161,GNDVI
2021-05-01,roi2,0.6414714736781434,GNDVI
2021-06-01,roi2,0.5963784931644347,GNDVI
2021-07-01,roi2,0.5931026193767365,GNDVI
2021-08-01,roi2,0.5574849717753327,GNDVI
2021-09-01,roi2,0.6244320427692834,GNDVI
2021-10-01,roi2,0.4843190564282091,GNDVI
2021-11-01,roi2,0.5808059810690772,GNDVI
2021-12-01,roi2,0.6021658566434107,GNDVI
2022-01-01,roi2,0.5933110671929585,GNDVI
2022-02-01,roi2,0.5808958545701658,GNDVI
2022-03-01,roi2,0.6185283678900682,GNDVI
2022-04-01,roi2,0.6016551085016698,GNDVI
2022-05-01,roi2,0.5923799171993682,GNDVI
2022-06-01,roi2,0.6082598374404118,GNDVI
2022-07-01,roi2,0.5948939020946397,GNDVI
2022-08-01,roi2,0.6252415353784885,GNDVI
2022-09-01,roi2,0.6083523277722148,GNDVI
2022-10-01,roi2,0.6085670512577084,GNDVI
2022-11-01,roi2,0.34641041695023095,GNDVI
2022-12-01,roi2,0.33770819855228973,GNDVI
2023-01-01,roi2,0.3398477898864708,GNDVI
2023-02-01,roi2,0.3340842485257332,GNDVI
2023-03-01,roi2,0.32726495088085455,GNDVI
2023-04-01,roi2,0.3457233410758698,GNDVI
2023-05-01,roi2,0.36872008108069393,GNDVI
2023-06-01,roi2,0.4159922053338123,GNDVI
2023-07-01,roi2,0.43134901172688134,GNDVI
2023-08-01,roi2,0.4201160819569634,GNDVI
2023-09-01,roi2,0.414797015597896,GNDVI
2023-10-01,roi2,0.42004052474952924,GNDVI
2023-11-01,roi2,0.421471502958433,GNDVI
2023-12-01,roi2,0.4129909621061054,GNDVI
2024-01-01,roi2,0.4050737435727386,GNDVI
2024-02-01,roi2,0.39902257927426293,GNDVI
2024-03-01,roi2,0.3875230020741997,GNDVI
2024-04-01,roi2,0.37583218504656934,GNDVI
2024-05-01,roi2,0.4039798059997476,GNDVI
2024-06-01,roi2,0.399056657440893,GNDVI
2024-07-01,roi2,0.39388208374479833,GNDVI
2024-08-01,roi2,0.37910466907801343,GNDVI
2017-01-01,roi1,0.629801148961785,MSI
2017-02-01,roi1,0.5480553579473334,MSI
2017-03-01,roi1,0.6248087423332424,MSI
2017-04-01,roi1,0.6426557721426751,MSI
2017-05-01,roi1,0.6546657525332836,MSI
2017-06-01,roi1,0.6768978682639477,MSI
2017-07-01,roi1,0.6998568408885707,MSI
2017-08-01,roi1,0.710734007388231,MSI
2017-09-01,roi1,0.76667479247932,MSI
2017-10-01,roi1,0.7541052230668421,MSI
2017-11-01,roi1,0.7805017647022534,MSI
2017-12-01,roi1,0.7840843824392169,MSI
2018-01-01,roi1,0.7511281370454945,MSI
2018-02-01,roi1,0.762382469149194,MSI
2018-03-01,roi1,0.7709216219742857,MSI
2018-04-01,roi1,0.7108294411327023,MSI
2018-05-01,roi1,0.616719394357817,MSI
2018-06-01,roi1,0.8835234138227086,MSI
2018-07-01,roi1,0.7292421712954495,MSI
2018-08-01,roi1,0.769677850759519,MSI
2018-09-01,roi1,0.7146893994433351,MSI
2018-10-01,roi1,0.6589304293458573,MSI
2018-11-01,roi1,0.5931237354189899,MSI
2018-12-01,roi1,0.6178352979708006,MSI
2019-01-01,roi1,0.6296773643095985,MSI
2019-02-01,roi1,0.6586143190342486,MSI
2019-03-01,roi1,0.6832616085230264,MSI
2019-04-01,roi1,0.7609140557789493,MSI
2019-05-01,roi1,0.6336448968918269,MSI
2019-06-01,roi1,0.6740018023082137,MSI
2019-07-01,roi1,0.6645660146137238,MSI
2019-08-01,roi1,0.6284046812802195,MSI
2019-09-01,roi1,0.6013428766713915,MSI
2019-10-01,roi1,0.5858745811941913,MSI
2019-11-01,roi1,0.5536635598798731,MSI
2019-12-01,roi1,0.6204262171637397,MSI
2020-01-01,roi1,8.593220497527788e+302,MSI
2020-02-01,roi1,0.7334402897040971,MSI
2020-03-01,roi1,0.7851061566848069,MSI
2020-04-01,roi1,0.8138711071106225,MSI
2020-05-01,roi1,0.717951570096517,MSI
2020-06-01,roi1,0.742886692055379,MSI
2020-07-01,roi1,0.7354753013678521,MSI
2020-08-01,roi1,0.727473209644757,MSI
2020-09-01,roi1,0.6407742456674597,MSI
2020-10-01,roi1,0.6000974289382057,MSI
2020-11-01,roi1,0.5884756728792974,MSI
2020-12-01,roi1,inf,MSI
2021-01-01,roi1,0.59178841786494,MSI
2021-02-01,roi1,0.6380050836588748,MSI
2021-03-01,roi1,0.6880647454086599,MSI
2021-04-01,roi1,0.6322618907948493,MSI
2021-05-01,roi1,0.6579352524199416,MSI
2021-06-01,roi1,0.6330515698882012,MSI
2021-07-01,roi1,0.7351266088289387,MSI
2021-08-01,roi1,0.6313738154706598,MSI
2021-09-01,roi1,0.7408761120611869,MSI
2021-10-01,roi1,0.8552894247417507,MSI
2021-11-01,roi1,0.8094143485478398,MSI
2021-12-01,roi1,0.7751685878572645,MSI
2022-01-01,roi1,0.7009800196252958,MSI
2022-02-01,roi1,0.5340785142109974,MSI
2022-03-01,roi1,0.6068100703755163,MSI
2022-04-01,roi1,0.6691509999075289,MSI
2022-05-01,roi1,0.6854047467502702,MSI
2022-06-01,roi1,inf,MSI
2022-07-01,roi1,0.6960215301830609,MSI
2022-08-01,roi1,0.6222553197918322,MSI
2022-09-01,roi1,0.616645264400761,MSI
2022-10-01,roi1,0.8830811354058644,MSI
2022-11-01,roi1,8.593220497527788e+302,MSI
2022-12-01,roi1,0.7825582152302579,MSI
2023-01-01,roi1,0.8326392834873196,MSI
2023-02-01,roi1,0.8502343135276356,MSI
2023-03-01,roi1,0.8705468434857384,MSI
2023-04-01,roi1,0.8393369248489931,MSI
2023-05-01,roi1,0.7683162705822899,MSI
2023-06-01,roi1,0.6710913034138579,MSI
2023-07-01,roi1,0.7054302078473206,MSI
2023-08-01,roi1,0.7118298324610602,MSI
2023-09-01,roi1,0.715587585631902,MSI
2023-10-01,roi1,0.6958286189338595,MSI
2023-11-01,roi1,0.7217080940649893,MSI
2023-12-01,roi1,0.738392718172229,MSI
2024-01-01,roi1,0.7365185242573524,MSI
2024-02-01,roi1,0.7564809209806307,MSI
2024-03-01,roi1,0.7886302703696664,MSI
2024-04-01,roi1,0.7781090415023674,MSI
2024-05-01,roi1,0.7522405564938051,MSI
2024-06-01,roi1,0.7159077250961257,MSI
2024-07-01,roi1,0.7304580764344989,MSI
2024-08-01,roi1,0.737171749791271,MSI
2017-01-01,roi2,0.6719037036103466,MSI
2017-02-01,roi2,0.6143556720768554,MSI
2017-03-01,roi2,0.5847230890421715,MSI
2017-04-01,roi2,0.569499583366875,MSI
2017-05-01,roi2,0.6271330453628188,MSI
2017-06-01,roi2,0.6762316247644388,MSI
2017-07-01,roi2,0.754812675822464,MSI
2017-08-01,roi2,0.7935292899932204,MSI
2017-09-01,roi2,0.8629499136966461,MSI
2017-10-01,roi2,0.8030134128013724,MSI
2017-11-01,roi2,0.7880278400051732,MSI
2017-12-01,roi2,0.7909152649494011,MSI
2018-01-01,roi2,0.7947766459559193,MSI
2018-02-01,roi2,0.7963355803442304,MSI
2018-03-01,roi2,0.7933723558497884,MSI
2018-04-01,roi2,0.7401792856136616,MSI
2018-05-01,roi2,inf,MSI
2018-06-01,roi2,0.8549626759387782,MSI
2018-07-01,roi2,0.7511168319748138,MSI
2018-08-01,roi2,0.727160274402913,MSI
2018-09-01,roi2,0.7392918246690424,MSI
2018-10-01,roi2,0.6610274182264158,MSI
2018-11-01,roi2,0.5945510193298681,MSI
2018-12-01,roi2,0.5462863625213112,MSI
2019-01-01,roi2,0.5712529994795255,MSI
2019-02-01,roi2,0.612453174704643,MSI
2019-03-01,roi2,0.6723156529256687,MSI
2019-04-01,roi2,0.7617162804131068,MSI
2019-05-01,roi2,0.7167611625737291,MSI
2019-06-01,roi2,0.736609115049348,MSI
2019-07-01,roi2,0.7219129657275607,MSI
2019-08-01,roi2,0.6706541682165721,MSI
2019-09-01,roi2,0.6728863799581042,MSI
2019-10-01,roi2,0.6266266433529254,MSI
2019-11-01,roi2,0.5945853755177182,MSI
2019-12-01,roi2,0.6059890958926458,MSI
2020-01-01,roi2,inf,MSI
2020-02-01,roi2,0.6970391055468061,MSI
2020-03-01,roi2,0.8478819724975247,MSI
2020-04-01,roi2,0.8021411552565355,MSI
2020-05-01,roi2,0.7099702568630831,MSI
2020-06-01,roi2,0.7247135043654528,MSI
2020-07-01,roi2,0.741496874981825,MSI
2020-08-01,roi2,0.7494864452263167,MSI
2020-09-01,roi2,0.6758429323515457,MSI
2020-10-01,roi2,0.6587457170881474,MSI
2020-11-01,roi2,0.6250018310360067,MSI
2020-12-01,roi2,0.6358193231526474,MSI
2021-01-01,roi2,0.580856570711391,MSI
2021-02-01,roi2,0.5866240926503009,MSI
2021-03-01,roi2,0.5376603978307825,MSI
2021-04-01,roi2,0.5664763655721463,MSI
2021-05-01,roi2,0.6379402705838605,MSI
2021-06-01,roi2,0.6063677142885733,MSI
2021-07-01,roi2,0.7720685907999937,MSI
2021-08-01,roi2,0.6921487644955138,MSI
2021-09-01,roi2,0.7571817553114203,MSI
2021-10-01,roi2,0.808617520996841,MSI
2021-11-01,roi2,0.7884747748742625,MSI
2021-12-01,roi2,0.7663863959005073,MSI
2022-01-01,roi2,0.7326729549589666,MSI
2022-02-01,roi2,0.604816705674204,MSI
2022-03-01,roi2,0.5894306445015376,MSI
2022-04-01,roi2,0.6929291777333789,MSI
2022-05-01,roi2,0.7332662940482088,MSI
2022-06-01,roi2,0.7333114833560758,MSI
2022-07-01,roi2,0.7545272244785937,MSI
2022-08-01,roi2,0.6756952151379606,MSI
2022-09-01,roi2,0.6615398569814028,MSI
2022-10-01,roi2,0.7293616481732879,MSI
2022-11-01,roi2,0.802341671354126,MSI
2022-12-01,roi2,0.7898579649185591,MSI
2023-01-01,roi2,0.828389571725847,MSI
2023-02-01,roi2,0.8481329363149551,MSI
2023-03-01,roi2,0.8688014809822412,MSI
2023-04-01,roi2,0.8469187827911682,MSI
2023-05-01,roi2,0.7799525657465327,MSI
2023-06-01,roi2,0.7038270343146005,MSI
2023-07-01,roi2,0.6808963129487788,MSI
2023-08-01,roi2,0.6981982984416907,MSI
2023-09-01,roi2,0.7058773043322075,MSI
2023-10-01,roi2,0.7067516009774675,MSI
2023-11-01,roi2,0.7357073525989687,MSI
2023-12-01,roi2,0.7594614991694599,MSI
2024-01-01,roi2,0.7721158858809787,MSI
2024-02-01,roi2,0.7780835569787177,MSI
2024-03-01,roi2,0.8187659991886619,MSI
2024-04-01,roi2,0.8080651909711871,MSI
2024-05-01,roi2,0.7290044804521731,MSI
2024-06-01,roi2,0.7227791313027119,MSI
2024-07-01,roi2,0.731508374906205,MSI
2024-08-01,roi2,0.7398933134090553,MSI
2017-01-01,roi1,0.6510305205014647,NDVI
2017-02-01,roi1,0.6927535243238415,NDVI
2017-03-01,roi1,0.6681981638807358,NDVI
2017-04-01,roi1,0.658070913252042,NDVI
2017-05-01,roi1,0.632136495475652,NDVI
2017-06-01,roi1,0.6462691950001146,NDVI
2017-07-01,roi1,0.6443232038870753,NDVI
2017-08-01,roi1,0.6400057195194011,NDVI
2017-09-01,roi1,0.6131365100221108,NDVI
2017-10-01,roi1,0.6239256269452395,NDVI
2017-11-01,roi1,0.6265321430309018,NDVI
2017-12-01,roi1,0.6272221122598507,NDVI
2018-01-01,roi1,0.6071296259027414,NDVI
2018-02-01,roi1,0.5860996746377822,NDVI
2018-03-01,roi1,0.6201093528380951,NDVI
2018-04-01,roi1,0.6303684889636376,NDVI
2018-05-01,roi1,0.63580394257144,NDVI
2018-06-01,roi1,0.5589965736733622,NDVI
2018-07-01,roi1,0.5420713316677035,NDVI
2018-08-01,roi1,0.5863260874503707,NDVI
2018-09-01,roi1,0.5046162291893009,NDVI
2018-10-01,roi1,0.6576327064474052,NDVI
2018-11-01,roi1,0.6736731745476608,NDVI
2018-12-01,roi1,0.684050717750217,NDVI
2019-01-01,roi1,0.6653714819945393,NDVI
2019-02-01,roi1,0.653854017099175,NDVI
2019-03-01,roi1,0.5780497067737763,NDVI
2019-04-01,roi1,0.6082857578462328,NDVI
2019-05-01,roi1,0.6434719910867137,NDVI
2019-06-01,roi1,0.6699672736207474,NDVI
2019-07-01,roi1,0.6736856233632662,NDVI
2019-08-01,roi1,0.7163281969240916,NDVI
2019-09-01,roi1,0.6849252826068827,NDVI
2019-10-01,roi1,0.6642263986477883,NDVI
2019-11-01,roi1,0.6715521595922562,NDVI
2019-12-01,roi1,0.4792002567472962,NDVI
2020-01-01,roi1,0.6746939024326435,NDVI
2020-02-01,roi1,0.6442317433857644,NDVI
2020-03-01,roi1,-0.002159486334057884,NDVI
2020-04-01,roi1,0.5921958431790594,NDVI
2020-05-01,roi1,0.6154359881711828,NDVI
2020-06-01,roi1,0.5702297916960897,NDVI
2020-07-01,roi1,0.5966292813657231,NDVI
2020-08-01,roi1,0.5983913209255568,NDVI
2020-09-01,roi1,0.6377059045910229,NDVI
2020-10-01,roi1,0.6069325361064005,NDVI
2020-11-01,roi1,0.5773111399149027,NDVI
2020-12-01,roi1,0.6718634582115709,NDVI
2021-01-01,roi1,0.6750966915939055,NDVI
2021-02-01,roi1,0.4888148998751789,NDVI
2021-03-01,roi1,0.4061495031818921,NDVI
2021-04-01,roi1,0.6645116175684819,NDVI
2021-05-01,roi1,0.6606585813724073,NDVI
2021-06-01,roi1,0.6618962864031102,NDVI
2021-07-01,roi1,0.6428423453332334,NDVI
2021-08-01,roi1,0.540673992863918,NDVI
2021-09-01,roi1,0.5129087342832435,NDVI
2021-10-01,roi1,0.42220407692458445,NDVI
2021-11-01,roi1,0.566754247539264,NDVI
2021-12-01,roi1,0.6017928300471291,NDVI
2022-01-01,roi1,0.631339956256958,NDVI
2022-02-01,roi1,0.5801978522612135,NDVI
2022-03-01,roi1,0.6272221729220933,NDVI
2022-04-01,roi1,0.6364475775458031,NDVI
2022-05-01,roi1,0.6549499494679242,NDVI
2022-06-01,roi1,0.6670194665422139,NDVI
2022-07-01,roi1,0.6551421928162234,NDVI
2022-08-01,roi1,0.704077040544249,NDVI
2022-09-01,roi1,0.6660857004245224,NDVI
2022-10-01,roi1,0.025719607537782817,NDVI
2022-11-01,roi1,0.3387759483750147,NDVI
2022-12-01,roi1,0.329090561513404,NDVI
2023-01-01,roi1,0.3315609117379229,NDVI
2023-02-01,roi1,0.32420190758971357,NDVI
2023-03-01,roi1,0.31455092121912803,NDVI
2023-04-01,roi1,0.33719049117539324,NDVI
2023-05-01,roi1,0.3922779445033284,NDVI
2023-06-01,roi1,0.44876850753392444,NDVI
2023-07-01,roi1,0.42552365459256963,NDVI
2023-08-01,roi1,0.42407203087300843,NDVI
2023-09-01,roi1,0.43026133439550446,NDVI
2023-10-01,roi1,0.43909411261531195,NDVI
2023-11-01,roi1,0.4343123400678549,NDVI
2023-12-01,roi1,0.4249923236223392,NDVI
2024-01-01,roi1,0.3294432213060459,NDVI
2024-02-01,roi1,0.3810667910250694,NDVI
2024-03-01,roi1,0.3971832952419148,NDVI
2024-04-01,roi1,0.39715201891685026,NDVI
2024-05-01,roi1,0.24811326164516045,NDVI
2024-06-01,roi1,0.42417627948573333,NDVI
2024-07-01,roi1,0.40279574963508546,NDVI
2024-08-01,roi1,0.33859640351553527,NDVI
2017-01-01,roi2,0.6204678031284186,NDVI
2017-02-01,roi2,0.650462471894983,NDVI
2017-03-01,roi2,0.6943043831413566,NDVI
2017-04-01,roi2,0.715964681606511,NDVI
2017-05-01,roi2,0.6586264951723636,NDVI
2017-06-01,roi2,0.6501269087198702,NDVI
2017-07-01,roi2,0.6217326977423322,NDVI
2017-08-01,roi2,0.6136656362168287,NDVI
2017-09-01,roi2,0.5789143796645156,NDVI
2017-10-01,roi2,0.6089335201988483,NDVI
2017-11-01,roi2,0.629902099434707,NDVI
2017-12-01,roi2,0.6263123019953303,NDVI
2018-01-01,roi2,0.6016854040206958,NDVI
2018-02-01,roi2,0.5190057633399514,NDVI
2018-03-01,roi2,0.5931372529137681,NDVI
2018-04-01,roi2,0.6202336160214792,NDVI
2018-05-01,roi2,0.6758460970900982,NDVI
2018-06-01,roi2,0.5570367839565034,NDVI
2018-07-01,roi2,0.6096617181944322,NDVI
2018-08-01,roi2,0.6074771766567626,NDVI
2018-09-01,roi2,0.5954516875916208,NDVI
2018-10-01,roi2,0.6481949403025494,NDVI
2018-11-01,roi2,0.6794839642710875,NDVI
2018-12-01,roi2,0.7337529017154927,NDVI
2019-01-01,roi2,0.7088696190997531,NDVI
2019-02-01,roi2,0.6892185639951127,NDVI
2019-03-01,roi2,0.6074146347107793,NDVI
2019-04-01,roi2,0.6132261678201283,NDVI
2019-05-01,roi2,0.641771408829247,NDVI
2019-06-01,roi2,0.6389405071537103,NDVI
2019-07-01,roi2,0.623040661195078,NDVI
2019-08-01,roi2,0.6915416892355217,NDVI
2019-09-01,roi2,0.5598607875637934,NDVI
2019-10-01,roi2,0.7003029230739838,NDVI
2019-11-01,roi2,0.556287044103677,NDVI
2019-12-01,roi2,0.5486001328056392,NDVI
2020-01-01,roi2,0.6572271504165331,NDVI
2020-02-01,roi2,0.6302483031274511,NDVI
2020-03-01,roi2,0.04059822530493637,NDVI
2020-04-01,roi2,0.5889119783825261,NDVI
2020-05-01,roi2,0.6126613002200686,NDVI
2020-06-01,roi2,0.5378692093019053,NDVI
2020-07-01,roi2,0.5835535840627016,NDVI
2020-08-01,roi2,0.5754725141016049,NDVI
2020-09-01,roi2,0.6065393857632186,NDVI
2020-10-01,roi2,0.5882300166154789,NDVI
2020-11-01,roi2,0.6450803972189222,NDVI
2020-12-01,roi2,0.661247619606108,NDVI
2021-01-01,roi2,0.6826729818817365,NDVI
2021-02-01,roi2,0.6841729760130117,NDVI
2021-03-01,roi2,0.7230741558194762,NDVI
2021-04-01,roi2,0.7147292745147144,NDVI
2021-05-01,roi2,0.6800640043032169,NDVI
2021-06-01,roi2,0.6314739422235405,NDVI
2021-07-01,roi2,0.6181422543998989,NDVI
2021-08-01,roi2,0.6045713294205659,NDVI
2021-09-01,roi2,0.6321205749543306,NDVI
2021-10-01,roi2,0.4608026068469141,NDVI
2021-11-01,roi2,0.5777996106161281,NDVI
2021-12-01,roi2,0.6004530812871797,NDVI
2022-01-01,roi2,0.6041485227916373,NDVI
2022-02-01,roi2,0.619714486921167,NDVI
2022-03-01,roi2,0.6520699362767776,NDVI
2022-04-01,roi2,0.6340484683220635,NDVI
2022-05-01,roi2,0.6303392980665554,NDVI
2022-06-01,roi2,0.6330951520616893,NDVI
2022-07-01,roi2,0.6175779856664303,NDVI
2022-08-01,roi2,0.6718557802369707,NDVI
2022-09-01,roi2,0.6472739249248549,NDVI
2022-10-01,roi2,0.6244825723753539,NDVI
2022-11-01,roi2,0.32771086721614445,NDVI
2022-12-01,roi2,0.32016627533747527,NDVI
2023-01-01,roi2,0.32887655271123817,NDVI
2023-02-01,roi2,0.32167824612368623,NDVI
2023-03-01,roi2,0.31296911592401955,NDVI
2023-04-01,roi2,0.33700562407099505,NDVI
2023-05-01,roi2,0.37614565858604493,NDVI
2023-06-01,roi2,0.4380199201905469,NDVI
2023-07-01,roi2,0.45073153218603956,NDVI
2023-08-01,roi2,0.4427247444259128,NDVI
2023-09-01,roi2,0.44023644352321334,NDVI
2023-10-01,roi2,0.439590262974054,NDVI
2023-11-01,roi2,0.4338404070572792,NDVI
2023-12-01,roi2,0.419294933780075,NDVI
2024-01-01,roi2,0.4195208038455196,NDVI
2024-02-01,roi2,0.4152966899721943,NDVI
2024-03-01,roi2,0.3911141587791188,NDVI
2024-04-01,roi2,0.3902990068356477,NDVI
2024-05-01,roi2,0.4312027560814652,NDVI
2024-06-01,roi2,0.42344230392768495,NDVI
2024-07-01,roi2,0.41808814383270815,NDVI
2024-08-01,roi2,0.4038152061048112,NDVI
2017-01-01,roi1,0.10473714949465898,SAVI
2017-02-01,roi1,0.12659339474047743,SAVI
2017-03-01,roi1,0.11690922303950277,SAVI
2017-04-01,roi1,0.11659876798611415,SAVI
2017-05-01,roi1,0.11028645711877542,SAVI
2017-06-01,roi1,0.11121258897708096,SAVI
2017-07-01,roi1,0.11373411878930735,SAVI
2017-08-01,roi1,0.10830611622746171,SAVI
2017-09-01,roi1,0.10107786323913352,SAVI
2017-10-01,roi1,0.10019267497019842,SAVI
2017-11-01,roi1,0.09273910180222363,SAVI
2017-12-01,roi1,0.09367269975017185,SAVI
2018-01-01,roi1,0.0914797776138557,SAVI
2018-02-01,roi1,0.08541792451725427,SAVI
2018-03-01,roi1,0.08839594389772365,SAVI
2018-04-01,roi1,0.08266555581590833,SAVI
2018-05-01,roi1,0.07736650174711728,SAVI
2018-06-01,roi1,0.07607123338688516,SAVI
2018-07-01,roi1,0.08248061338015614,SAVI
2018-08-01,roi1,0.0872987694872804,SAVI
2018-09-01,roi1,0.08871042633918677,SAVI
2018-10-01,roi1,0.11199083297141117,SAVI
2018-11-01,roi1,0.12292509937590436,SAVI
2018-12-01,roi1,0.12015743815746217,SAVI
2019-01-01,roi1,0.11522375548833282,SAVI
2019-02-01,roi1,0.11149682643088174,SAVI
2019-03-01,roi1,0.10517009468757486,SAVI
2019-04-01,roi1,0.10292145639938867,SAVI
2019-05-01,roi1,0.10876620814811686,SAVI
2019-06-01,roi1,0.1119744935261424,SAVI
2019-07-01,roi1,0.11010294623776523,SAVI
2019-08-01,roi1,0.11424322192684647,SAVI
2019-09-01,roi1,0.10066960379227013,SAVI
2019-10-01,roi1,0.10640761815606675,SAVI
2019-11-01,roi1,0.10386075890826008,SAVI
2019-12-01,roi1,0.08739355606073335,SAVI
2020-01-01,roi1,0.07756586091623399,SAVI
2020-02-01,roi1,0.07726583685100227,SAVI
2020-03-01,roi1,-0.0009813570507502028,SAVI
2020-04-01,roi1,0.08224928662483076,SAVI
2020-05-01,roi1,0.09198445194468154,SAVI
2020-06-01,roi1,0.09260551702736405,SAVI
2020-07-01,roi1,0.09839524405731695,SAVI
2020-08-01,roi1,0.10138216728695341,SAVI
2020-09-01,roi1,0.11093259913223548,SAVI
2020-10-01,roi1,0.11432928894493745,SAVI
2020-11-01,roi1,0.09454583195874355,SAVI
2020-12-01,roi1,0.11603429429883555,SAVI
2021-01-01,roi1,0.12258899566492797,SAVI
2021-02-01,roi1,0.11268871306501846,SAVI
2021-03-01,roi1,0.08921429632363755,SAVI
2021-04-01,roi1,0.1145249637740084,SAVI
2021-05-01,roi1,0.11251401286713181,SAVI
2021-06-01,roi1,0.11867482833325205,SAVI
2021-07-01,roi1,0.10481491593118435,SAVI
2021-08-01,roi1,0.09349424498686325,SAVI
2021-09-01,roi1,0.06850434261055384,SAVI
2021-10-01,roi1,0.05942607602442458,SAVI
2021-11-01,roi1,0.08538842332437183,SAVI
2021-12-01,roi1,0.09477987081465188,SAVI
2022-01-01,roi1,0.10794684986710515,SAVI
2022-02-01,roi1,0.10271855916936634,SAVI
2022-03-01,roi1,0.11949456529453684,SAVI
2022-04-01,roi1,0.1105341783243899,SAVI
2022-05-01,roi1,0.10928520761366392,SAVI
2022-06-01,roi1,0.10847586172852726,SAVI
2022-07-01,roi1,0.10414655885166142,SAVI
2022-08-01,roi1,0.10773357181059501,SAVI
2022-09-01,roi1,0.1001336206499528,SAVI
2022-10-01,roi1,0.008718847321553213,SAVI
2022-11-01,roi1,0.07330307075601934,SAVI
2022-12-01,roi1,0.07177337995328277,SAVI
2023-01-01,roi1,0.07453442030698489,SAVI
2023-02-01,roi1,0.07433106940825374,SAVI
2023-03-01,roi1,0.07312508864618053,SAVI
2023-04-01,roi1,0.0804048892192819,SAVI
2023-05-01,roi1,0.09576418848722154,SAVI
2023-06-01,roi1,0.11682837488271505,SAVI
2023-07-01,roi1,0.10935837492817195,SAVI
2023-08-01,roi1,0.10443979677960465,SAVI
2023-09-01,roi1,0.10689107528962993,SAVI
2023-10-01,roi1,0.11322065212557123,SAVI
2023-11-01,roi1,0.1107808360727855,SAVI
2023-12-01,roi1,0.11030711752587788,SAVI
2024-01-01,roi1,0.0746908006385154,SAVI
2024-02-01,roi1,0.08961302251220712,SAVI
2024-03-01,roi1,0.09655550758705377,SAVI
2024-04-01,roi1,0.09293106811949113,SAVI
2024-05-01,roi1,0.062064920556539074,SAVI
2024-06-01,roi1,0.1025651009432713,SAVI
2024-07-01,roi1,0.09655609256809673,SAVI
2024-08-01,roi1,0.07301998602181656,SAVI
2017-01-01,roi2,0.11198104019198674,SAVI
2017-02-01,roi2,0.12154349361385625,SAVI
2017-03-01,roi2,0.12371530401203214,SAVI
2017-04-01,roi2,0.13411191048053459,SAVI
2017-05-01,roi2,0.11956171532012272,SAVI
2017-06-01,roi2,0.11541762368539615,SAVI
2017-07-01,roi2,0.11038509850915008,SAVI
2017-08-01,roi2,0.10199286637205694,SAVI
2017-09-01,roi2,0.09424528658256748,SAVI
2017-10-01,roi2,0.09727796496080328,SAVI
2017-11-01,roi2,0.09570083574606986,SAVI
2017-12-01,roi2,0.09425980833491067,SAVI
2018-01-01,roi2,0.09202909598227674,SAVI
2018-02-01,roi2,0.0894229409409756,SAVI
2018-03-01,roi2,0.08686024270547094,SAVI
2018-04-01,roi2,0.08184324744935537,SAVI
2018-05-01,roi2,0.08044622089681173,SAVI
2018-06-01,roi2,0.07705360336573967,SAVI
2018-07-01,roi2,0.0883834144299481,SAVI
2018-08-01,roi2,0.09187849771082601,SAVI
2018-09-01,roi2,0.09888286704198498,SAVI
2018-10-01,roi2,0.11391928697617397,SAVI
2018-11-01,roi2,0.12601508877832843,SAVI
2018-12-01,roi2,0.13775521623188824,SAVI
2019-01-01,roi2,0.1303669294065244,SAVI
2019-02-01,roi2,0.12413585196866442,SAVI
2019-03-01,roi2,0.1136425289996942,SAVI
2019-04-01,roi2,0.1064296210054084,SAVI
2019-05-01,roi2,0.10144385007858595,SAVI
2019-06-01,roi2,0.10650850586541079,SAVI
2019-07-01,roi2,0.10112406521990554,SAVI
2019-08-01,roi2,0.11101721453479144,SAVI
2019-09-01,roi2,0.1085182516052379,SAVI
2019-10-01,roi2,0.11771206601282734,SAVI
2019-11-01,roi2,0.09389112924797109,SAVI
2019-12-01,roi2,0.08654514737924845,SAVI
2020-01-01,roi2,0.07888712893891886,SAVI
2020-02-01,roi2,0.07700889216340544,SAVI
2020-03-01,roi2,0.013095209627712559,SAVI
2020-04-01,roi2,0.08211486246261274,SAVI
2020-05-01,roi2,0.09285041835038618,SAVI
2020-06-01,roi2,0.08757099220617723,SAVI
2020-07-01,roi2,0.09885090758024186,SAVI
2020-08-01,roi2,0.09955594543457025,SAVI
2020-09-01,roi2,0.1079081540531557,SAVI
2020-10-01,roi2,0.11056519632613422,SAVI
2020-11-01,roi2,0.11255152153601322,SAVI
2020-12-01,roi2,0.11545035847354194,SAVI
2021-01-01,roi2,0.12613676554775335,SAVI
2021-02-01,roi2,0.12865989489803029,SAVI
2021-03-01,roi2,0.1308963309604821,SAVI
2021-04-01,roi2,0.12964193951479025,SAVI
2021-05-01,roi2,0.12222943040730151,SAVI
2021-06-01,roi2,0.11713929106922538,SAVI
2021-07-01,roi2,0.10171394873298142,SAVI
2021-08-01,roi2,0.10555543161898782,SAVI
2021-09-01,roi2,0.07983005756718722,SAVI
2021-10-01,roi2,0.06664906024083901,SAVI
2021-11-01,roi2,0.09017423558420568,SAVI
2021-12-01,roi2,0.09779061438459238,SAVI
2022-01-01,roi2,0.1058825502631091,SAVI
2022-02-01,roi2,0.11128817486874147,SAVI
2022-03-01,roi2,0.12680721884396337,SAVI
2022-04-01,roi2,0.11199438823040664,SAVI
2022-05-01,roi2,0.10552022987950598,SAVI
2022-06-01,roi2,0.10293833712114574,SAVI
2022-07-01,roi2,0.09896892332555521,SAVI
2022-08-01,roi2,0.10404086137401229,SAVI
2022-09-01,roi2,0.09894234370487422,SAVI
2022-10-01,roi2,0.08383028574571971,SAVI
2022-11-01,roi2,0.07121207819475404,SAVI
2022-12-01,roi2,0.06944617231089904,SAVI
2023-01-01,roi2,0.0732639375476943,SAVI
2023-02-01,roi2,0.07380795277631527,SAVI
2023-03-01,roi2,0.07308090070795537,SAVI
2023-04-01,roi2,0.08145573482627845,SAVI
2023-05-01,roi2,0.09243864923088274,SAVI
2023-06-01,roi2,0.11470970834453328,SAVI
2023-07-01,roi2,0.11873358259100056,SAVI
2023-08-01,roi2,0.11232323342945126,SAVI
2023-09-01,roi2,0.11295899195520813,SAVI
2023-10-01,roi2,0.1148749993737733,SAVI
2023-11-01,roi2,0.11285574556659302,SAVI
2023-12-01,roi2,0.10996944043100947,SAVI
2024-01-01,roi2,0.108268772939171,SAVI
2024-02-01,roi2,0.1045647962155976,SAVI
2024-03-01,roi2,0.09733888715229715,SAVI
2024-04-01,roi2,0.09240138845052648,SAVI
2024-05-01,roi2,0.10388686541459098,SAVI
2024-06-01,roi2,0.10429583578880744,SAVI
2024-07-01,roi2,0.1011253537015976,SAVI
2024-08-01,roi2,0.10064125030851963,SAVI
