system:index,date,ndvi,site,.geo
0_0,2019-01-01,0.41634823866636733,Padure,"{""type"":""Polygon"",""coordinates"":[[[25.899977435643187,45.145598321040566],[25.90202664333057,45.14457674935845],[25.902927865559565,45.14534103804536],[25.901694049412722,45.145832901583006],[25.899977435643187,45.145598321040566]]]}"
0_1,2019-01-01,0.28896818632591437,TerenAgricol,"{""type"":""Polygon"",""coordinates"":[[[25.830584480276528,45.082761016158045],[25.83064348887486,45.082228837152044],[25.8323976535706,45.08215118784351],[25.832314505091134,45.08277616708919],[25.830584480276528,45.082761016158045]]]}"
0_2,2019-01-01,0.09749723202951745,Urban,"{""type"":""Polygon"",""coordinates"":[[[26.027189631289758,44.93880700668429],[26.027254004306112,44.93812159618335],[26.02909399969033,44.938186150429935],[26.028876740760122,44.938919025905214],[26.027189631289758,44.93880700668429]]]}"
1_0,2019-02-01,0.3645118201108756,Padure,"{""type"":""Polygon"",""coordinates"":[[[25.899977435643187,45.145598321040566],[25.90202664333057,45.14457674935845],[25.902927865559565,45.14534103804536],[25.901694049412722,45.145832901583006],[25.899977435643187,45.145598321040566]]]}"
1_1,2019-02-01,0.2472709045818471,TerenAgricol,"{""type"":""Polygon"",""coordinates"":[[[25.830584480276528,45.082761016158045],[25.83064348887486,45.082228837152044],[25.8323976535706,45.08215118784351],[25.832314505091134,45.08277616708919],[25.830584480276528,45.082761016158045]]]}"
1_2,2019-02-01,0.10325342355325837,Urban,"{""type"":""Polygon"",""coordinates"":[[[26.027189631289758,44.93880700668429],[26.027254004306112,44.93812159618335],[26.02909399969033,44.938186150429935],[26.028876740760122,44.938919025905214],[26.027189631289758,44.93880700668429]]]}"
2_0,2019-03-01,0.36761160742775,Padure,"{""type"":""Polygon"",""coordinates"":[[[25.899977435643187,45.145598321040566],[25.90202664333057,45.14457674935845],[25.902927865559565,45.14534103804536],[25.901694049412722,45.145832901583006],[25.899977435643187,45.145598321040566]]]}"
2_1,2019-03-01,0.3389745036767223,TerenAgricol,"{""type"":""Polygon"",""coordinates"":[[[25.830584480276528,45.082761016158045],[25.83064348887486,45.082228837152044],[25.8323976535706,45.08215118784351],[25.832314505091134,45.08277616708919],[25.830584480276528,45.082761016158045]]]}"
2_2,2019-03-01,0.10523558141391103,Urban,"{""type"":""Polygon"",""coordinates"":[[[26.027189631289758,44.93880700668429],[26.027254004306112,44.93812159618335],[26.02909399969033,44.938186150429935],[26.028876740760122,44.938919025905214],[26.027189631289758,44.93880700668429]]]}"
3_0,2019-04-01,0.6929676246854871,Padure,"{""type"":""Polygon"",""coordinates"":[[[25.899977435643187,45.145598321040566],[25.90202664333057,45.14457674935845],[25.902927865559565,45.14534103804536],[25.901694049412722,45.145832901583006],[25.899977435643187,45.145598321040566]]]}"
3_1,2019-04-01,0.5677707543485749,TerenAgricol,"{""type"":""Polygon"",""coordinates"":[[[25.830584480276528,45.082761016158045],[25.83064348887486,45.082228837152044],[25.8323976535706,45.08215118784351],[25.832314505091134,45.08277616708919],[25.830584480276528,45.082761016158045]]]}"
3_2,2019-04-01,0.16270584264661572,Urban,"{""type"":""Polygon"",""coordinates"":[[[26.027189631289758,44.93880700668429],[26.027254004306112,44.93812159618335],[26.02909399969033,44.938186150429935],[26.028876740760122,44.938919025905214],[26.027189631289758,44.93880700668429]]]}"
4_0,2019-05-01,0.8497307268745269,Padure,"{""type"":""Polygon"",""coordinates"":[[[25.899977435643187,45.145598321040566],[25.90202664333057,45.14457674935845],[25.902927865559565,45.14534103804536],[25.901694049412722,45.145832901583006],[25.899977435643187,45.145598321040566]]]}"
4_1,2019-05-01,0.792028954823186,TerenAgricol,"{""type"":""Polygon"",""coordinates"":[[[25.830584480276528,45.082761016158045],[25.83064348887486,45.082228837152044],[25.8323976535706,45.08215118784351],[25.832314505091134,45.08277616708919],[25.830584480276528,45.082761016158045]]]}"
4_2,2019-05-01,0.2333595174047832,Urban,"{""type"":""Polygon"",""coordinates"":[[[26.027189631289758,44.93880700668429],[26.027254004306112,44.93812159618335],[26.02909399969033,44.938186150429935],[26.028876740760122,44.938919025905214],[26.027189631289758,44.93880700668429]]]}"
5_0,2019-06-01,0.8933067064613491,Padure,"{""type"":""Polygon"",""coordinates"":[[[25.899977435643187,45.145598321040566],[25.90202664333057,45.14457674935845],[25.902927865559565,45.14534103804536],[25.901694049412722,45.145832901583006],[25.899977435643187,45.145598321040566]]]}"
5_1,2019-06-01,0.7910890612414498,TerenAgricol,"{""type"":""Polygon"",""coordinates"":[[[25.830584480276528,45.082761016158045],[25.83064348887486,45.082228837152044],[25.8323976535706,45.08215118784351],[25.832314505091134,45.08277616708919],[25.830584480276528,45.082761016158045]]]}"
5_2,2019-06-01,0.24565993273256087,Urban,"{""type"":""Polygon"",""coordinates"":[[[26.027189631289758,44.93880700668429],[26.027254004306112,44.93812159618335],[26.02909399969033,44.938186150429935],[26.028876740760122,44.938919025905214],[26.027189631289758,44.93880700668429]]]}"
6_0,2019-07-01,0.8893517462550243,Padure,"{""type"":""Polygon"",""coordinates"":[[[25.899977435643187,45.145598321040566],[25.90202664333057,45.14457674935845],[25.902927865559565,45.14534103804536],[25.901694049412722,45.145832901583006],[25.899977435643187,45.145598321040566]]]}"
6_1,2019-07-01,0.4409791074259076,TerenAgricol,"{""type"":""Polygon"",""coordinates"":[[[25.830584480276528,45.082761016158045],[25.83064348887486,45.082228837152044],[25.8323976535706,45.08215118784351],[25.832314505091134,45.08277616708919],[25.830584480276528,45.082761016158045]]]}"
6_2,2019-07-01,0.2577461997244712,Urban,"{""type"":""Polygon"",""coordinates"":[[[26.027189631289758,44.93880700668429],[26.027254004306112,44.93812159618335],[26.02909399969033,44.938186150429935],[26.028876740760122,44.938919025905214],[26.027189631289758,44.93880700668429]]]}"
7_0,2019-08-01,0.870674674143305,Padure,"{""type"":""Polygon"",""coordinates"":[[[25.899977435643187,45.145598321040566],[25.90202664333057,45.14457674935845],[25.902927865559565,45.14534103804536],[25.901694049412722,45.145832901583006],[25.899977435643187,45.145598321040566]]]}"
7_1,2019-08-01,0.5778336375191455,TerenAgricol,"{""type"":""Polygon"",""coordinates"":[[[25.830584480276528,45.082761016158045],[25.83064348887486,45.082228837152044],[25.8323976535706,45.08215118784351],[25.832314505091134,45.08277616708919],[25.830584480276528,45.082761016158045]]]}"
7_2,2019-08-01,0.2302243456692228,Urban,"{""type"":""Polygon"",""coordinates"":[[[26.027189631289758,44.93880700668429],[26.027254004306112,44.93812159618335],[26.02909399969033,44.938186150429935],[26.028876740760122,44.938919025905214],[26.027189631289758,44.93880700668429]]]}"
8_0,2019-09-01,0.8335260642587174,Padure,"{""type"":""Polygon"",""coordinates"":[[[25.899977435643187,45.145598321040566],[25.90202664333057,45.14457674935845],[25.902927865559565,45.14534103804536],[25.901694049412722,45.145832901583006],[25.899977435643187,45.145598321040566]]]}"
8_1,2019-09-01,0.5541694939436878,TerenAgricol,"{""type"":""Polygon"",""coordinates"":[[[25.830584480276528,45.082761016158045],[25.83064348887486,45.082228837152044],[25.8323976535706,45.08215118784351],[25.832314505091134,45.08277616708919],[25.830584480276528,45.082761016158045]]]}"
8_2,2019-09-01,0.2184685028457723,Urban,"{""type"":""Polygon"",""coordinates"":[[[26.027189631289758,44.93880700668429],[26.027254004306112,44.93812159618335],[26.02909399969033,44.938186150429935],[26.028876740760122,44.938919025905214],[26.027189631289758,44.93880700668429]]]}"
9_0,2019-10-01,0.7802319881617272,Padure,"{""type"":""Polygon"",""coordinates"":[[[25.899977435643187,45.145598321040566],[25.90202664333057,45.14457674935845],[25.902927865559565,45.14534103804536],[25.901694049412722,45.145832901583006],[25.899977435643187,45.145598321040566]]]}"
9_1,2019-10-01,0.5381203580850693,TerenAgricol,"{""type"":""Polygon"",""coordinates"":[[[25.830584480276528,45.082761016158045],[25.83064348887486,45.082228837152044],[25.8323976535706,45.08215118784351],[25.832314505091134,45.08277616708919],[25.830584480276528,45.082761016158045]]]}"
9_2,2019-10-01,0.18206443107050638,Urban,"{""type"":""Polygon"",""coordinates"":[[[26.027189631289758,44.93880700668429],[26.027254004306112,44.93812159618335],[26.02909399969033,44.938186150429935],[26.028876740760122,44.938919025905214],[26.027189631289758,44.93880700668429]]]}"
10_0,2019-11-01,0.41548441341860826,Padure,"{""type"":""Polygon"",""coordinates"":[[[25.899977435643187,45.145598321040566],[25.90202664333057,45.14457674935845],[25.902927865559565,45.14534103804536],[25.901694049412722,45.145832901583006],[25.899977435643187,45.145598321040566]]]}"
10_1,2019-11-01,0.5715228848081872,TerenAgricol,"{""type"":""Polygon"",""coordinates"":[[[25.830584480276528,45.082761016158045],[25.83064348887486,45.082228837152044],[25.8323976535706,45.08215118784351],[25.832314505091134,45.08277616708919],[25.830584480276528,45.082761016158045]]]}"
10_2,2019-11-01,0.15281035099426718,Urban,"{""type"":""Polygon"",""coordinates"":[[[26.027189631289758,44.93880700668429],[26.027254004306112,44.93812159618335],[26.02909399969033,44.938186150429935],[26.028876740760122,44.938919025905214],[26.027189631289758,44.93880700668429]]]}"
11_0,2019-12-01,0.45757591933852126,Padure,"{""type"":""Polygon"",""coordinates"":[[[25.899977435643187,45.145598321040566],[25.90202664333057,45.14457674935845],[25.902927865559565,45.14534103804536],[25.901694049412722,45.145832901583006],[25.899977435643187,45.145598321040566]]]}"
11_1,2019-12-01,0.5616707934920243,TerenAgricol,"{""type"":""Polygon"",""coordinates"":[[[25.830584480276528,45.082761016158045],[25.83064348887486,45.082228837152044],[25.8323976535706,45.08215118784351],[25.832314505091134,45.08277616708919],[25.830584480276528,45.082761016158045]]]}"
11_2,2019-12-01,0.09016951783915252,Urban,"{""type"":""Polygon"",""coordinates"":[[[26.027189631289758,44.93880700668429],[26.027254004306112,44.93812159618335],[26.02909399969033,44.938186150429935],[26.028876740760122,44.938919025905214],[26.027189631289758,44.93880700668429]]]}"
12_0,2020-01-01,0.40594310583583243,Padure,"{""type"":""Polygon"",""coordinates"":[[[25.899977435643187,45.145598321040566],[25.90202664333057,45.14457674935845],[25.902927865559565,45.14534103804536],[25.901694049412722,45.145832901583006],[25.899977435643187,45.145598321040566]]]}"
12_1,2020-01-01,0.42067351161494976,TerenAgricol,"{""type"":""Polygon"",""coordinates"":[[[25.830584480276528,45.082761016158045],[25.83064348887486,45.082228837152044],[25.8323976535706,45.08215118784351],[25.832314505091134,45.08277616708919],[25.830584480276528,45.082761016158045]]]}"
12_2,2020-01-01,0.0998119614970262,Urban,"{""type"":""Polygon"",""coordinates"":[[[26.027189631289758,44.93880700668429],[26.027254004306112,44.93812159618335],[26.02909399969033,44.938186150429935],[26.028876740760122,44.938919025905214],[26.027189631289758,44.93880700668429]]]}"
13_0,2020-02-01,0.4064498332542252,Padure,"{""type"":""Polygon"",""coordinates"":[[[25.899977435643187,45.145598321040566],[25.90202664333057,45.14457674935845],[25.902927865559565,45.14534103804536],[25.901694049412722,45.145832901583006],[25.899977435643187,45.145598321040566]]]}"
13_1,2020-02-01,0.36932763422098674,TerenAgricol,"{""type"":""Polygon"",""coordinates"":[[[25.830584480276528,45.082761016158045],[25.83064348887486,45.082228837152044],[25.8323976535706,45.08215118784351],[25.832314505091134,45.08277616708919],[25.830584480276528,45.082761016158045]]]}"
13_2,2020-02-01,0.10181316465901182,Urban,"{""type"":""Polygon"",""coordinates"":[[[26.027189631289758,44.93880700668429],[26.027254004306112,44.93812159618335],[26.02909399969033,44.938186150429935],[26.028876740760122,44.938919025905214],[26.027189631289758,44.93880700668429]]]}"
14_0,2020-03-01,0.36453095811278996,Padure,"{""type"":""Polygon"",""coordinates"":[[[25.899977435643187,45.145598321040566],[25.90202664333057,45.14457674935845],[25.902927865559565,45.14534103804536],[25.901694049412722,45.145832901583006],[25.899977435643187,45.145598321040566]]]}"
14_1,2020-03-01,0.42383220786466363,TerenAgricol,"{""type"":""Polygon"",""coordinates"":[[[25.830584480276528,45.082761016158045],[25.83064348887486,45.082228837152044],[25.8323976535706,45.08215118784351],[25.832314505091134,45.08277616708919],[25.830584480276528,45.082761016158045]]]}"
14_2,2020-03-01,0.11737925635693609,Urban,"{""type"":""Polygon"",""coordinates"":[[[26.027189631289758,44.93880700668429],[26.027254004306112,44.93812159618335],[26.02909399969033,44.938186150429935],[26.028876740760122,44.938919025905214],[26.027189631289758,44.93880700668429]]]}"
15_0,2020-04-01,0.697098861028929,Padure,"{""type"":""Polygon"",""coordinates"":[[[25.899977435643187,45.145598321040566],[25.90202664333057,45.14457674935845],[25.902927865559565,45.14534103804536],[25.901694049412722,45.145832901583006],[25.899977435643187,45.145598321040566]]]}"
15_1,2020-04-01,0.5341194408615744,TerenAgricol,"{""type"":""Polygon"",""coordinates"":[[[25.830584480276528,45.082761016158045],[25.83064348887486,45.082228837152044],[25.8323976535706,45.08215118784351],[25.832314505091134,45.08277616708919],[25.830584480276528,45.082761016158045]]]}"
15_2,2020-04-01,0.177547259869252,Urban,"{""type"":""Polygon"",""coordinates"":[[[26.027189631289758,44.93880700668429],[26.027254004306112,44.93812159618335],[26.02909399969033,44.938186150429935],[26.028876740760122,44.938919025905214],[26.027189631289758,44.93880700668429]]]}"
16_0,2020-05-01,0.9110089018930501,Padure,"{""type"":""Polygon"",""coordinates"":[[[25.899977435643187,45.145598321040566],[25.90202664333057,45.14457674935845],[25.902927865559565,45.14534103804536],[25.901694049412722,45.145832901583006],[25.899977435643187,45.145598321040566]]]}"
16_1,2020-05-01,0.5742351092109533,TerenAgricol,"{""type"":""Polygon"",""coordinates"":[[[25.830584480276528,45.082761016158045],[25.83064348887486,45.082228837152044],[25.8323976535706,45.08215118784351],[25.832314505091134,45.08277616708919],[25.830584480276528,45.082761016158045]]]}"
16_2,2020-05-01,0.2359569994056805,Urban,"{""type"":""Polygon"",""coordinates"":[[[26.027189631289758,44.93880700668429],[26.027254004306112,44.93812159618335],[26.02909399969033,44.938186150429935],[26.028876740760122,44.938919025905214],[26.027189631289758,44.93880700668429]]]}"
17_0,2020-06-01,0.8633728989185773,Padure,"{""type"":""Polygon"",""coordinates"":[[[25.899977435643187,45.145598321040566],[25.90202664333057,45.14457674935845],[25.902927865559565,45.14534103804536],[25.901694049412722,45.145832901583006],[25.899977435643187,45.145598321040566]]]}"
17_1,2020-06-01,0.6622303423599938,TerenAgricol,"{""type"":""Polygon"",""coordinates"":[[[25.830584480276528,45.082761016158045],[25.83064348887486,45.082228837152044],[25.8323976535706,45.08215118784351],[25.832314505091134,45.08277616708919],[25.830584480276528,45.082761016158045]]]}"
17_2,2020-06-01,0.24216971846595117,Urban,"{""type"":""Polygon"",""coordinates"":[[[26.027189631289758,44.93880700668429],[26.027254004306112,44.93812159618335],[26.02909399969033,44.938186150429935],[26.028876740760122,44.938919025905214],[26.027189631289758,44.93880700668429]]]}"
18_0,2020-07-01,0.8492513565095402,Padure,"{""type"":""Polygon"",""coordinates"":[[[25.899977435643187,45.145598321040566],[25.90202664333057,45.14457674935845],[25.902927865559565,45.14534103804536],[25.901694049412722,45.145832901583006],[25.899977435643187,45.145598321040566]]]}"
18_1,2020-07-01,0.6558690540997062,TerenAgricol,"{""type"":""Polygon"",""coordinates"":[[[25.830584480276528,45.082761016158045],[25.83064348887486,45.082228837152044],[25.8323976535706,45.08215118784351],[25.832314505091134,45.08277616708919],[25.830584480276528,45.082761016158045]]]}"
18_2,2020-07-01,0.23622336713251266,Urban,"{""type"":""Polygon"",""coordinates"":[[[26.027189631289758,44.93880700668429],[26.027254004306112,44.93812159618335],[26.02909399969033,44.938186150429935],[26.028876740760122,44.938919025905214],[26.027189631289758,44.93880700668429]]]}"
19_0,2020-08-01,0.8281082954918566,Padure,"{""type"":""Polygon"",""coordinates"":[[[25.899977435643187,45.145598321040566],[25.90202664333057,45.14457674935845],[25.902927865559565,45.14534103804536],[25.901694049412722,45.145832901583006],[25.899977435643187,45.145598321040566]]]}"
19_1,2020-08-01,0.581589875345155,TerenAgricol,"{""type"":""Polygon"",""coordinates"":[[[25.830584480276528,45.082761016158045],[25.83064348887486,45.082228837152044],[25.8323976535706,45.08215118784351],[25.832314505091134,45.08277616708919],[25.830584480276528,45.082761016158045]]]}"
19_2,2020-08-01,0.22415131345521228,Urban,"{""type"":""Polygon"",""coordinates"":[[[26.027189631289758,44.93880700668429],[26.027254004306112,44.93812159618335],[26.02909399969033,44.938186150429935],[26.028876740760122,44.938919025905214],[26.027189631289758,44.93880700668429]]]}"
20_0,2020-09-01,0.8224088887078976,Padure,"{""type"":""Polygon"",""coordinates"":[[[25.899977435643187,45.145598321040566],[25.90202664333057,45.14457674935845],[25.902927865559565,45.14534103804536],[25.901694049412722,45.145832901583006],[25.899977435643187,45.145598321040566]]]}"
20_1,2020-09-01,0.4340506877946105,TerenAgricol,"{""type"":""Polygon"",""coordinates"":[[[25.830584480276528,45.082761016158045],[25.83064348887486,45.082228837152044],[25.8323976535706,45.08215118784351],[25.832314505091134,45.08277616708919],[25.830584480276528,45.082761016158045]]]}"
20_2,2020-09-01,0.2171366490499489,Urban,"{""type"":""Polygon"",""coordinates"":[[[26.027189631289758,44.93880700668429],[26.027254004306112,44.93812159618335],[26.02909399969033,44.938186150429935],[26.028876740760122,44.938919025905214],[26.027189631289758,44.93880700668429]]]}"
21_0,2020-10-01,0.8046589012403164,Padure,"{""type"":""Polygon"",""coordinates"":[[[25.899977435643187,45.145598321040566],[25.90202664333057,45.14457674935845],[25.902927865559565,45.14534103804536],[25.901694049412722,45.145832901583006],[25.899977435643187,45.145598321040566]]]}"
21_1,2020-10-01,0.4250359954665028,TerenAgricol,"{""type"":""Polygon"",""coordinates"":[[[25.830584480276528,45.082761016158045],[25.83064348887486,45.082228837152044],[25.8323976535706,45.08215118784351],[25.832314505091134,45.08277616708919],[25.830584480276528,45.082761016158045]]]}"
21_2,2020-10-01,0.19140630657484728,Urban,"{""type"":""Polygon"",""coordinates"":[[[26.027189631289758,44.93880700668429],[26.027254004306112,44.93812159618335],[26.02909399969033,44.938186150429935],[26.028876740760122,44.938919025905214],[26.027189631289758,44.93880700668429]]]}"
22_0,2020-11-01,0.479615935181264,Padure,"{""type"":""Polygon"",""coordinates"":[[[25.899977435643187,45.145598321040566],[25.90202664333057,45.14457674935845],[25.902927865559565,45.14534103804536],[25.901694049412722,45.145832901583006],[25.899977435643187,45.145598321040566]]]}"
22_1,2020-11-01,0.6233067801730839,TerenAgricol,"{""type"":""Polygon"",""coordinates"":[[[25.830584480276528,45.082761016158045],[25.83064348887486,45.082228837152044],[25.8323976535706,45.08215118784351],[25.832314505091134,45.08277616708919],[25.830584480276528,45.082761016158045]]]}"
22_2,2020-11-01,0.15160604971846814,Urban,"{""type"":""Polygon"",""coordinates"":[[[26.027189631289758,44.93880700668429],[26.027254004306112,44.93812159618335],[26.02909399969033,44.938186150429935],[26.028876740760122,44.938919025905214],[26.027189631289758,44.93880700668429]]]}"
23_0,2020-12-01,0.4254305623445677,Padure,"{""type"":""Polygon"",""coordinates"":[[[25.899977435643187,45.145598321040566],[25.90202664333057,45.14457674935845],[25.902927865559565,45.14534103804536],[25.901694049412722,45.145832901583006],[25.899977435643187,45.145598321040566]]]}"
23_1,2020-12-01,0.37610339487044836,TerenAgricol,"{""type"":""Polygon"",""coordinates"":[[[25.830584480276528,45.082761016158045],[25.83064348887486,45.082228837152044],[25.8323976535706,45.08215118784351],[25.832314505091134,45.08277616708919],[25.830584480276528,45.082761016158045]]]}"
23_2,2020-12-01,0.09309626104636891,Urban,"{""type"":""Polygon"",""coordinates"":[[[26.027189631289758,44.93880700668429],[26.027254004306112,44.93812159618335],[26.02909399969033,44.938186150429935],[26.028876740760122,44.938919025905214],[26.027189631289758,44.93880700668429]]]}"
24_0,2021-01-01,0.1690942707115617,Padure,"{""type"":""Polygon"",""coordinates"":[[[25.899977435643187,45.145598321040566],[25.90202664333057,45.14457674935845],[25.902927865559565,45.14534103804536],[25.901694049412722,45.145832901583006],[25.899977435643187,45.145598321040566]]]}"
24_1,2021-01-01,0.004803083354207562,TerenAgricol,"{""type"":""Polygon"",""coordinates"":[[[25.830584480276528,45.082761016158045],[25.83064348887486,45.082228837152044],[25.8323976535706,45.08215118784351],[25.832314505091134,45.08277616708919],[25.830584480276528,45.082761016158045]]]}"
24_2,2021-01-01,0.1480666574013548,Urban,"{""type"":""Polygon"",""coordinates"":[[[26.027189631289758,44.93880700668429],[26.027254004306112,44.93812159618335],[26.02909399969033,44.938186150429935],[26.028876740760122,44.938919025905214],[26.027189631289758,44.93880700668429]]]}"
25_0,2021-02-01,0.3889795571495791,Padure,"{""type"":""Polygon"",""coordinates"":[[[25.899977435643187,45.145598321040566],[25.90202664333057,45.14457674935845],[25.902927865559565,45.14534103804536],[25.901694049412722,45.145832901583006],[25.899977435643187,45.145598321040566]]]}"
25_1,2021-02-01,0.5013948328851716,TerenAgricol,"{""type"":""Polygon"",""coordinates"":[[[25.830584480276528,45.082761016158045],[25.83064348887486,45.082228837152044],[25.8323976535706,45.08215118784351],[25.832314505091134,45.08277616708919],[25.830584480276528,45.082761016158045]]]}"
25_2,2021-02-01,0.1030761063191498,Urban,"{""type"":""Polygon"",""coordinates"":[[[26.027189631289758,44.93880700668429],[26.027254004306112,44.93812159618335],[26.02909399969033,44.938186150429935],[26.028876740760122,44.938919025905214],[26.027189631289758,44.93880700668429]]]}"
26_0,2021-03-01,0.32011367514245853,Padure,"{""type"":""Polygon"",""coordinates"":[[[25.899977435643187,45.145598321040566],[25.90202664333057,45.14457674935845],[25.902927865559565,45.14534103804536],[25.901694049412722,45.145832901583006],[25.899977435643187,45.145598321040566]]]}"
26_1,2021-03-01,0.5330557311247653,TerenAgricol,"{""type"":""Polygon"",""coordinates"":[[[25.830584480276528,45.082761016158045],[25.83064348887486,45.082228837152044],[25.8323976535706,45.08215118784351],[25.832314505091134,45.08277616708919],[25.830584480276528,45.082761016158045]]]}"
26_2,2021-03-01,0.10291904978256937,Urban,"{""type"":""Polygon"",""coordinates"":[[[26.027189631289758,44.93880700668429],[26.027254004306112,44.93812159618335],[26.02909399969033,44.938186150429935],[26.028876740760122,44.938919025905214],[26.027189631289758,44.93880700668429]]]}"
27_0,2021-04-01,0.34098647710323654,Padure,"{""type"":""Polygon"",""coordinates"":[[[25.899977435643187,45.145598321040566],[25.90202664333057,45.14457674935845],[25.902927865559565,45.14534103804536],[25.901694049412722,45.145832901583006],[25.899977435643187,45.145598321040566]]]}"
27_1,2021-04-01,0.6235740922360908,TerenAgricol,"{""type"":""Polygon"",""coordinates"":[[[25.830584480276528,45.082761016158045],[25.83064348887486,45.082228837152044],[25.8323976535706,45.08215118784351],[25.832314505091134,45.08277616708919],[25.830584480276528,45.082761016158045]]]}"
27_2,2021-04-01,0.1496987965704467,Urban,"{""type"":""Polygon"",""coordinates"":[[[26.027189631289758,44.93880700668429],[26.027254004306112,44.93812159618335],[26.02909399969033,44.938186150429935],[26.028876740760122,44.938919025905214],[26.027189631289758,44.93880700668429]]]}"
28_0,2021-05-01,0.9076817620516439,Padure,"{""type"":""Polygon"",""coordinates"":[[[25.899977435643187,45.145598321040566],[25.90202664333057,45.14457674935845],[25.902927865559565,45.14534103804536],[25.901694049412722,45.145832901583006],[25.899977435643187,45.145598321040566]]]}"
28_1,2021-05-01,0.7337677751038021,TerenAgricol,"{""type"":""Polygon"",""coordinates"":[[[25.830584480276528,45.082761016158045],[25.83064348887486,45.082228837152044],[25.8323976535706,45.08215118784351],[25.832314505091134,45.08277616708919],[25.830584480276528,45.082761016158045]]]}"
28_2,2021-05-01,0.20110812870200032,Urban,"{""type"":""Polygon"",""coordinates"":[[[26.027189631289758,44.93880700668429],[26.027254004306112,44.93812159618335],[26.02909399969033,44.938186150429935],[26.028876740760122,44.938919025905214],[26.027189631289758,44.93880700668429]]]}"
29_0,2021-06-01,0.9079118075665396,Padure,"{""type"":""Polygon"",""coordinates"":[[[25.899977435643187,45.145598321040566],[25.90202664333057,45.14457674935845],[25.902927865559565,45.14534103804536],[25.901694049412722,45.145832901583006],[25.899977435643187,45.145598321040566]]]}"
29_1,2021-06-01,0.7201050543672455,TerenAgricol,"{""type"":""Polygon"",""coordinates"":[[[25.830584480276528,45.082761016158045],[25.83064348887486,45.082228837152044],[25.8323976535706,45.08215118784351],[25.832314505091134,45.08277616708919],[25.830584480276528,45.082761016158045]]]}"
29_2,2021-06-01,0.238654559533912,Urban,"{""type"":""Polygon"",""coordinates"":[[[26.027189631289758,44.93880700668429],[26.027254004306112,44.93812159618335],[26.02909399969033,44.938186150429935],[26.028876740760122,44.938919025905214],[26.027189631289758,44.93880700668429]]]}"
30_0,2021-07-01,0.8833496769422186,Padure,"{""type"":""Polygon"",""coordinates"":[[[25.899977435643187,45.145598321040566],[25.90202664333057,45.14457674935845],[25.902927865559565,45.14534103804536],[25.901694049412722,45.145832901583006],[25.899977435643187,45.145598321040566]]]}"
30_1,2021-07-01,0.6826413077932644,TerenAgricol,"{""type"":""Polygon"",""coordinates"":[[[25.830584480276528,45.082761016158045],[25.83064348887486,45.082228837152044],[25.8323976535706,45.08215118784351],[25.832314505091134,45.08277616708919],[25.830584480276528,45.082761016158045]]]}"
30_2,2021-07-01,0.2358973615243919,Urban,"{""type"":""Polygon"",""coordinates"":[[[26.027189631289758,44.93880700668429],[26.027254004306112,44.93812159618335],[26.02909399969033,44.938186150429935],[26.028876740760122,44.938919025905214],[26.027189631289758,44.93880700668429]]]}"
31_0,2021-08-01,0.8755862718332347,Padure,"{""type"":""Polygon"",""coordinates"":[[[25.899977435643187,45.145598321040566],[25.90202664333057,45.14457674935845],[25.902927865559565,45.14534103804536],[25.901694049412722,45.145832901583006],[25.899977435643187,45.145598321040566]]]}"
31_1,2021-08-01,0.5985661264535947,TerenAgricol,"{""type"":""Polygon"",""coordinates"":[[[25.830584480276528,45.082761016158045],[25.83064348887486,45.082228837152044],[25.8323976535706,45.08215118784351],[25.832314505091134,45.08277616708919],[25.830584480276528,45.082761016158045]]]}"
31_2,2021-08-01,0.23097876305356496,Urban,"{""type"":""Polygon"",""coordinates"":[[[26.027189631289758,44.93880700668429],[26.027254004306112,44.93812159618335],[26.02909399969033,44.938186150429935],[26.028876740760122,44.938919025905214],[26.027189631289758,44.93880700668429]]]}"
32_0,2021-09-01,0.8520764247600295,Padure,"{""type"":""Polygon"",""coordinates"":[[[25.899977435643187,45.145598321040566],[25.90202664333057,45.14457674935845],[25.902927865559565,45.14534103804536],[25.901694049412722,45.145832901583006],[25.899977435643187,45.145598321040566]]]}"
32_1,2021-09-01,0.5524772885146105,TerenAgricol,"{""type"":""Polygon"",""coordinates"":[[[25.830584480276528,45.082761016158045],[25.83064348887486,45.082228837152044],[25.8323976535706,45.08215118784351],[25.832314505091134,45.08277616708919],[25.830584480276528,45.082761016158045]]]}"
32_2,2021-09-01,0.21715442762205037,Urban,"{""type"":""Polygon"",""coordinates"":[[[26.027189631289758,44.93880700668429],[26.027254004306112,44.93812159618335],[26.02909399969033,44.938186150429935],[26.028876740760122,44.938919025905214],[26.027189631289758,44.93880700668429]]]}"
33_0,2021-10-01,0.526542600330276,Padure,"{""type"":""Polygon"",""coordinates"":[[[25.899977435643187,45.145598321040566],[25.90202664333057,45.14457674935845],[25.902927865559565,45.14534103804536],[25.901694049412722,45.145832901583006],[25.899977435643187,45.145598321040566]]]}"
33_1,2021-10-01,0.552568072705757,TerenAgricol,"{""type"":""Polygon"",""coordinates"":[[[25.830584480276528,45.082761016158045],[25.83064348887486,45.082228837152044],[25.8323976535706,45.08215118784351],[25.832314505091134,45.08277616708919],[25.830584480276528,45.082761016158045]]]}"
33_2,2021-10-01,0.17449786658986743,Urban,"{""type"":""Polygon"",""coordinates"":[[[26.027189631289758,44.93880700668429],[26.027254004306112,44.93812159618335],[26.02909399969033,44.938186150429935],[26.028876740760122,44.938919025905214],[26.027189631289758,44.93880700668429]]]}"
34_0,2021-11-01,0.43302280180183356,Padure,"{""type"":""Polygon"",""coordinates"":[[[25.899977435643187,45.145598321040566],[25.90202664333057,45.14457674935845],[25.902927865559565,45.14534103804536],[25.901694049412722,45.145832901583006],[25.899977435643187,45.145598321040566]]]}"
34_1,2021-11-01,0.49295082950685903,TerenAgricol,"{""type"":""Polygon"",""coordinates"":[[[25.830584480276528,45.082761016158045],[25.83064348887486,45.082228837152044],[25.8323976535706,45.08215118784351],[25.832314505091134,45.08277616708919],[25.830584480276528,45.082761016158045]]]}"
34_2,2021-11-01,0.11525120884977372,Urban,"{""type"":""Polygon"",""coordinates"":[[[26.027189631289758,44.93880700668429],[26.027254004306112,44.93812159618335],[26.02909399969033,44.938186150429935],[26.028876740760122,44.938919025905214],[26.027189631289758,44.93880700668429]]]}"
35_0,2021-12-01,0.4490870025069374,Padure,"{""type"":""Polygon"",""coordinates"":[[[25.899977435643187,45.145598321040566],[25.90202664333057,45.14457674935845],[25.902927865559565,45.14534103804536],[25.901694049412722,45.145832901583006],[25.899977435643187,45.145598321040566]]]}"
35_1,2021-12-01,0.3892425107603938,TerenAgricol,"{""type"":""Polygon"",""coordinates"":[[[25.830584480276528,45.082761016158045],[25.83064348887486,45.082228837152044],[25.8323976535706,45.08215118784351],[25.832314505091134,45.08277616708919],[25.830584480276528,45.082761016158045]]]}"
35_2,2021-12-01,0.10922457225569944,Urban,"{""type"":""Polygon"",""coordinates"":[[[26.027189631289758,44.93880700668429],[26.027254004306112,44.93812159618335],[26.02909399969033,44.938186150429935],[26.028876740760122,44.938919025905214],[26.027189631289758,44.93880700668429]]]}"
36_0,2022-01-01,0.4338322143556649,Padure,"{""type"":""Polygon"",""coordinates"":[[[25.899977435643187,45.145598321040566],[25.90202664333057,45.14457674935845],[25.902927865559565,45.14534103804536],[25.901694049412722,45.145832901583006],[25.899977435643187,45.145598321040566]]]}"
36_1,2022-01-01,0.38681590325250403,TerenAgricol,"{""type"":""Polygon"",""coordinates"":[[[25.830584480276528,45.082761016158045],[25.83064348887486,45.082228837152044],[25.8323976535706,45.08215118784351],[25.832314505091134,45.08277616708919],[25.830584480276528,45.082761016158045]]]}"
36_2,2022-01-01,0.12184840349759915,Urban,"{""type"":""Polygon"",""coordinates"":[[[26.027189631289758,44.93880700668429],[26.027254004306112,44.93812159618335],[26.02909399969033,44.938186150429935],[26.028876740760122,44.938919025905214],[26.027189631289758,44.93880700668429]]]}"
37_0,2022-02-01,0.38406893910832846,Padure,"{""type"":""Polygon"",""coordinates"":[[[25.899977435643187,45.145598321040566],[25.90202664333057,45.14457674935845],[25.902927865559565,45.14534103804536],[25.901694049412722,45.145832901583006],[25.899977435643187,45.145598321040566]]]}"
37_1,2022-02-01,0.31641530248874766,TerenAgricol,"{""type"":""Polygon"",""coordinates"":[[[25.830584480276528,45.082761016158045],[25.83064348887486,45.082228837152044],[25.8323976535706,45.08215118784351],[25.832314505091134,45.08277616708919],[25.830584480276528,45.082761016158045]]]}"
37_2,2022-02-01,0.1050847818251066,Urban,"{""type"":""Polygon"",""coordinates"":[[[26.027189631289758,44.93880700668429],[26.027254004306112,44.93812159618335],[26.02909399969033,44.938186150429935],[26.028876740760122,44.938919025905214],[26.027189631289758,44.93880700668429]]]}"
38_0,2022-03-01,0.3482731655891515,Padure,"{""type"":""Polygon"",""coordinates"":[[[25.899977435643187,45.145598321040566],[25.90202664333057,45.14457674935845],[25.902927865559565,45.14534103804536],[25.901694049412722,45.145832901583006],[25.899977435643187,45.145598321040566]]]}"
38_1,2022-03-01,0.3059786456541751,TerenAgricol,"{""type"":""Polygon"",""coordinates"":[[[25.830584480276528,45.082761016158045],[25.83064348887486,45.082228837152044],[25.8323976535706,45.08215118784351],[25.832314505091134,45.08277616708919],[25.830584480276528,45.082761016158045]]]}"
38_2,2022-03-01,0.10453339343075788,Urban,"{""type"":""Polygon"",""coordinates"":[[[26.027189631289758,44.93880700668429],[26.027254004306112,44.93812159618335],[26.02909399969033,44.938186150429935],[26.028876740760122,44.938919025905214],[26.027189631289758,44.93880700668429]]]}"
39_0,2022-04-01,0.5066773608242484,Padure,"{""type"":""Polygon"",""coordinates"":[[[25.899977435643187,45.145598321040566],[25.90202664333057,45.14457674935845],[25.902927865559565,45.14534103804536],[25.901694049412722,45.145832901583006],[25.899977435643187,45.145598321040566]]]}"
39_1,2022-04-01,0.46749217500930695,TerenAgricol,"{""type"":""Polygon"",""coordinates"":[[[25.830584480276528,45.082761016158045],[25.83064348887486,45.082228837152044],[25.8323976535706,45.08215118784351],[25.832314505091134,45.08277616708919],[25.830584480276528,45.082761016158045]]]}"
39_2,2022-04-01,0.14294425569974925,Urban,"{""type"":""Polygon"",""coordinates"":[[[26.027189631289758,44.93880700668429],[26.027254004306112,44.93812159618335],[26.02909399969033,44.938186150429935],[26.028876740760122,44.938919025905214],[26.027189631289758,44.93880700668429]]]}"
40_0,2022-05-01,0.9234183671950423,Padure,"{""type"":""Polygon"",""coordinates"":[[[25.899977435643187,45.145598321040566],[25.90202664333057,45.14457674935845],[25.902927865559565,45.14534103804536],[25.901694049412722,45.145832901583006],[25.899977435643187,45.145598321040566]]]}"
40_1,2022-05-01,0.6639203060968659,TerenAgricol,"{""type"":""Polygon"",""coordinates"":[[[25.830584480276528,45.082761016158045],[25.83064348887486,45.082228837152044],[25.8323976535706,45.08215118784351],[25.832314505091134,45.08277616708919],[25.830584480276528,45.082761016158045]]]}"
40_2,2022-05-01,0.23041978866365292,Urban,"{""type"":""Polygon"",""coordinates"":[[[26.027189631289758,44.93880700668429],[26.027254004306112,44.93812159618335],[26.02909399969033,44.938186150429935],[26.028876740760122,44.938919025905214],[26.027189631289758,44.93880700668429]]]}"
41_0,2022-06-01,0.9062667983887948,Padure,"{""type"":""Polygon"",""coordinates"":[[[25.899977435643187,45.145598321040566],[25.90202664333057,45.14457674935845],[25.902927865559565,45.14534103804536],[25.901694049412722,45.145832901583006],[25.899977435643187,45.145598321040566]]]}"
41_1,2022-06-01,0.7018593260566077,TerenAgricol,"{""type"":""Polygon"",""coordinates"":[[[25.830584480276528,45.082761016158045],[25.83064348887486,45.082228837152044],[25.8323976535706,45.08215118784351],[25.832314505091134,45.08277616708919],[25.830584480276528,45.082761016158045]]]}"
41_2,2022-06-01,0.23294435678108089,Urban,"{""type"":""Polygon"",""coordinates"":[[[26.027189631289758,44.93880700668429],[26.027254004306112,44.93812159618335],[26.02909399969033,44.938186150429935],[26.028876740760122,44.938919025905214],[26.027189631289758,44.93880700668429]]]}"
42_0,2022-07-01,0.873115375681786,Padure,"{""type"":""Polygon"",""coordinates"":[[[25.899977435643187,45.145598321040566],[25.90202664333057,45.14457674935845],[25.902927865559565,45.14534103804536],[25.901694049412722,45.145832901583006],[25.899977435643187,45.145598321040566]]]}"
42_1,2022-07-01,0.5283374782040365,TerenAgricol,"{""type"":""Polygon"",""coordinates"":[[[25.830584480276528,45.082761016158045],[25.83064348887486,45.082228837152044],[25.8323976535706,45.08215118784351],[25.832314505091134,45.08277616708919],[25.830584480276528,45.082761016158045]]]}"
42_2,2022-07-01,0.21988719442587523,Urban,"{""type"":""Polygon"",""coordinates"":[[[26.027189631289758,44.93880700668429],[26.027254004306112,44.93812159618335],[26.02909399969033,44.938186150429935],[26.028876740760122,44.938919025905214],[26.027189631289758,44.93880700668429]]]}"
43_0,2022-08-01,0.8492618786034535,Padure,"{""type"":""Polygon"",""coordinates"":[[[25.899977435643187,45.145598321040566],[25.90202664333057,45.14457674935845],[25.902927865559565,45.14534103804536],[25.901694049412722,45.145832901583006],[25.899977435643187,45.145598321040566]]]}"
43_1,2022-08-01,0.45106797008533195,TerenAgricol,"{""type"":""Polygon"",""coordinates"":[[[25.830584480276528,45.082761016158045],[25.83064348887486,45.082228837152044],[25.8323976535706,45.08215118784351],[25.832314505091134,45.08277616708919],[25.830584480276528,45.082761016158045]]]}"
43_2,2022-08-01,0.20980684508340375,Urban,"{""type"":""Polygon"",""coordinates"":[[[26.027189631289758,44.93880700668429],[26.027254004306112,44.93812159618335],[26.02909399969033,44.938186150429935],[26.028876740760122,44.938919025905214],[26.027189631289758,44.93880700668429]]]}"
44_0,2022-09-01,0.8181581460377256,Padure,"{""type"":""Polygon"",""coordinates"":[[[25.899977435643187,45.145598321040566],[25.90202664333057,45.14457674935845],[25.902927865559565,45.14534103804536],[25.901694049412722,45.145832901583006],[25.899977435643187,45.145598321040566]]]}"
44_1,2022-09-01,0.6928741239337469,TerenAgricol,"{""type"":""Polygon"",""coordinates"":[[[25.830584480276528,45.082761016158045],[25.83064348887486,45.082228837152044],[25.8323976535706,45.08215118784351],[25.832314505091134,45.08277616708919],[25.830584480276528,45.082761016158045]]]}"
44_2,2022-09-01,0.19637986286568285,Urban,"{""type"":""Polygon"",""coordinates"":[[[26.027189631289758,44.93880700668429],[26.027254004306112,44.93812159618335],[26.02909399969033,44.938186150429935],[26.028876740760122,44.938919025905214],[26.027189631289758,44.93880700668429]]]}"
45_0,2022-10-01,0.7414310898686016,Padure,"{""type"":""Polygon"",""coordinates"":[[[25.899977435643187,45.145598321040566],[25.90202664333057,45.14457674935845],[25.902927865559565,45.14534103804536],[25.901694049412722,45.145832901583006],[25.899977435643187,45.145598321040566]]]}"
45_1,2022-10-01,0.65245603288628,TerenAgricol,"{""type"":""Polygon"",""coordinates"":[[[25.830584480276528,45.082761016158045],[25.83064348887486,45.082228837152044],[25.8323976535706,45.08215118784351],[25.832314505091134,45.08277616708919],[25.830584480276528,45.082761016158045]]]}"
45_2,2022-10-01,0.19016199805960987,Urban,"{""type"":""Polygon"",""coordinates"":[[[26.027189631289758,44.93880700668429],[26.027254004306112,44.93812159618335],[26.02909399969033,44.938186150429935],[26.028876740760122,44.938919025905214],[26.027189631289758,44.93880700668429]]]}"
46_0,2022-11-01,0.46122842391240965,Padure,"{""type"":""Polygon"",""coordinates"":[[[25.899977435643187,45.145598321040566],[25.90202664333057,45.14457674935845],[25.902927865559565,45.14534103804536],[25.901694049412722,45.145832901583006],[25.899977435643187,45.145598321040566]]]}"
46_1,2022-11-01,0.49982229157507896,TerenAgricol,"{""type"":""Polygon"",""coordinates"":[[[25.830584480276528,45.082761016158045],[25.83064348887486,45.082228837152044],[25.8323976535706,45.08215118784351],[25.832314505091134,45.08277616708919],[25.830584480276528,45.082761016158045]]]}"
46_2,2022-11-01,0.136931998759846,Urban,"{""type"":""Polygon"",""coordinates"":[[[26.027189631289758,44.93880700668429],[26.027254004306112,44.93812159618335],[26.02909399969033,44.938186150429935],[26.028876740760122,44.938919025905214],[26.027189631289758,44.93880700668429]]]}"
47_0,2022-12-01,0.41241400795777666,Padure,"{""type"":""Polygon"",""coordinates"":[[[25.899977435643187,45.145598321040566],[25.90202664333057,45.14457674935845],[25.902927865559565,45.14534103804536],[25.901694049412722,45.145832901583006],[25.899977435643187,45.145598321040566]]]}"
47_1,2022-12-01,0.43646911224511664,TerenAgricol,"{""type"":""Polygon"",""coordinates"":[[[25.830584480276528,45.082761016158045],[25.83064348887486,45.082228837152044],[25.8323976535706,45.08215118784351],[25.832314505091134,45.08277616708919],[25.830584480276528,45.082761016158045]]]}"
47_2,2022-12-01,0.101653803206506,Urban,"{""type"":""Polygon"",""coordinates"":[[[26.027189631289758,44.93880700668429],[26.027254004306112,44.93812159618335],[26.02909399969033,44.938186150429935],[26.028876740760122,44.938919025905214],[26.027189631289758,44.93880700668429]]]}"
48_0,2023-01-01,0.4215726668195448,Padure,"{""type"":""Polygon"",""coordinates"":[[[25.899977435643187,45.145598321040566],[25.90202664333057,45.14457674935845],[25.902927865559565,45.14534103804536],[25.901694049412722,45.145832901583006],[25.899977435643187,45.145598321040566]]]}"
48_1,2023-01-01,0.4237843974256141,TerenAgricol,"{""type"":""Polygon"",""coordinates"":[[[25.830584480276528,45.082761016158045],[25.83064348887486,45.082228837152044],[25.8323976535706,45.08215118784351],[25.832314505091134,45.08277616708919],[25.830584480276528,45.082761016158045]]]}"
48_2,2023-01-01,0.071311278639516,Urban,"{""type"":""Polygon"",""coordinates"":[[[26.027189631289758,44.93880700668429],[26.027254004306112,44.93812159618335],[26.02909399969033,44.938186150429935],[26.028876740760122,44.938919025905214],[26.027189631289758,44.93880700668429]]]}"
49_0,2023-02-01,0.1420968021154112,Padure,"{""type"":""Polygon"",""coordinates"":[[[25.899977435643187,45.145598321040566],[25.90202664333057,45.14457674935845],[25.902927865559565,45.14534103804536],[25.901694049412722,45.145832901583006],[25.899977435643187,45.145598321040566]]]}"
49_1,2023-02-01,0.38252322499958563,TerenAgricol,"{""type"":""Polygon"",""coordinates"":[[[25.830584480276528,45.082761016158045],[25.83064348887486,45.082228837152044],[25.8323976535706,45.08215118784351],[25.832314505091134,45.08277616708919],[25.830584480276528,45.082761016158045]]]}"
49_2,2023-02-01,0.06755275163336465,Urban,"{""type"":""Polygon"",""coordinates"":[[[26.027189631289758,44.93880700668429],[26.027254004306112,44.93812159618335],[26.02909399969033,44.938186150429935],[26.028876740760122,44.938919025905214],[26.027189631289758,44.93880700668429]]]}"
50_0,2023-03-01,0.33631798710880434,Padure,"{""type"":""Polygon"",""coordinates"":[[[25.899977435643187,45.145598321040566],[25.90202664333057,45.14457674935845],[25.902927865559565,45.14534103804536],[25.901694049412722,45.145832901583006],[25.899977435643187,45.145598321040566]]]}"
50_1,2023-03-01,0.4796562777269544,TerenAgricol,"{""type"":""Polygon"",""coordinates"":[[[25.830584480276528,45.082761016158045],[25.83064348887486,45.082228837152044],[25.8323976535706,45.08215118784351],[25.832314505091134,45.08277616708919],[25.830584480276528,45.082761016158045]]]}"
50_2,2023-03-01,0.10153482855057176,Urban,"{""type"":""Polygon"",""coordinates"":[[[26.027189631289758,44.93880700668429],[26.027254004306112,44.93812159618335],[26.02909399969033,44.938186150429935],[26.028876740760122,44.938919025905214],[26.027189631289758,44.93880700668429]]]}"
51_0,2023-04-01,0.8196643571373,Padure,"{""type"":""Polygon"",""coordinates"":[[[25.899977435643187,45.145598321040566],[25.90202664333057,45.14457674935845],[25.902927865559565,45.14534103804536],[25.901694049412722,45.145832901583006],[25.899977435643187,45.145598321040566]]]}"
51_1,2023-04-01,0.6752939002701617,TerenAgricol,"{""type"":""Polygon"",""coordinates"":[[[25.830584480276528,45.082761016158045],[25.83064348887486,45.082228837152044],[25.8323976535706,45.08215118784351],[25.832314505091134,45.08277616708919],[25.830584480276528,45.082761016158045]]]}"
51_2,2023-04-01,0.17764625239542767,Urban,"{""type"":""Polygon"",""coordinates"":[[[26.027189631289758,44.93880700668429],[26.027254004306112,44.93812159618335],[26.02909399969033,44.938186150429935],[26.028876740760122,44.938919025905214],[26.027189631289758,44.93880700668429]]]}"
52_0,2023-05-01,0.9002678184829981,Padure,"{""type"":""Polygon"",""coordinates"":[[[25.899977435643187,45.145598321040566],[25.90202664333057,45.14457674935845],[25.902927865559565,45.14534103804536],[25.901694049412722,45.145832901583006],[25.899977435643187,45.145598321040566]]]}"
52_1,2023-05-01,0.7559730458390997,TerenAgricol,"{""type"":""Polygon"",""coordinates"":[[[25.830584480276528,45.082761016158045],[25.83064348887486,45.082228837152044],[25.8323976535706,45.08215118784351],[25.832314505091134,45.08277616708919],[25.830584480276528,45.082761016158045]]]}"
52_2,2023-05-01,0.2426594082347502,Urban,"{""type"":""Polygon"",""coordinates"":[[[26.027189631289758,44.93880700668429],[26.027254004306112,44.93812159618335],[26.02909399969033,44.938186150429935],[26.028876740760122,44.938919025905214],[26.027189631289758,44.93880700668429]]]}"
53_0,2023-06-01,0.8829392008702305,Padure,"{""type"":""Polygon"",""coordinates"":[[[25.899977435643187,45.145598321040566],[25.90202664333057,45.14457674935845],[25.902927865559565,45.14534103804536],[25.901694049412722,45.145832901583006],[25.899977435643187,45.145598321040566]]]}"
53_1,2023-06-01,0.7162774262897612,TerenAgricol,"{""type"":""Polygon"",""coordinates"":[[[25.830584480276528,45.082761016158045],[25.83064348887486,45.082228837152044],[25.8323976535706,45.08215118784351],[25.832314505091134,45.08277616708919],[25.830584480276528,45.082761016158045]]]}"
53_2,2023-06-01,0.24106696882111006,Urban,"{""type"":""Polygon"",""coordinates"":[[[26.027189631289758,44.93880700668429],[26.027254004306112,44.93812159618335],[26.02909399969033,44.938186150429935],[26.028876740760122,44.938919025905214],[26.027189631289758,44.93880700668429]]]}"
54_0,2023-07-01,0.8957711872303359,Padure,"{""type"":""Polygon"",""coordinates"":[[[25.899977435643187,45.145598321040566],[25.90202664333057,45.14457674935845],[25.902927865559565,45.14534103804536],[25.901694049412722,45.145832901583006],[25.899977435643187,45.145598321040566]]]}"
54_1,2023-07-01,0.695174852956937,TerenAgricol,"{""type"":""Polygon"",""coordinates"":[[[25.830584480276528,45.082761016158045],[25.83064348887486,45.082228837152044],[25.8323976535706,45.08215118784351],[25.832314505091134,45.08277616708919],[25.830584480276528,45.082761016158045]]]}"
54_2,2023-07-01,0.2185715344877986,Urban,"{""type"":""Polygon"",""coordinates"":[[[26.027189631289758,44.93880700668429],[26.027254004306112,44.93812159618335],[26.02909399969033,44.938186150429935],[26.028876740760122,44.938919025905214],[26.027189631289758,44.93880700668429]]]}"
55_0,2023-08-01,0.86385533475032,Padure,"{""type"":""Polygon"",""coordinates"":[[[25.899977435643187,45.145598321040566],[25.90202664333057,45.14457674935845],[25.902927865559565,45.14534103804536],[25.901694049412722,45.145832901583006],[25.899977435643187,45.145598321040566]]]}"
55_1,2023-08-01,0.5992677745199583,TerenAgricol,"{""type"":""Polygon"",""coordinates"":[[[25.830584480276528,45.082761016158045],[25.83064348887486,45.082228837152044],[25.8323976535706,45.08215118784351],[25.832314505091134,45.08277616708919],[25.830584480276528,45.082761016158045]]]}"
55_2,2023-08-01,0.19688388264657408,Urban,"{""type"":""Polygon"",""coordinates"":[[[26.027189631289758,44.93880700668429],[26.027254004306112,44.93812159618335],[26.02909399969033,44.938186150429935],[26.028876740760122,44.938919025905214],[26.027189631289758,44.93880700668429]]]}"
56_0,2023-09-01,0.8252874233681244,Padure,"{""type"":""Polygon"",""coordinates"":[[[25.899977435643187,45.145598321040566],[25.90202664333057,45.14457674935845],[25.902927865559565,45.14534103804536],[25.901694049412722,45.145832901583006],[25.899977435643187,45.145598321040566]]]}"
56_1,2023-09-01,0.5287061219290484,TerenAgricol,"{""type"":""Polygon"",""coordinates"":[[[25.830584480276528,45.082761016158045],[25.83064348887486,45.082228837152044],[25.8323976535706,45.08215118784351],[25.832314505091134,45.08277616708919],[25.830584480276528,45.082761016158045]]]}"
56_2,2023-09-01,0.17986813143082328,Urban,"{""type"":""Polygon"",""coordinates"":[[[26.027189631289758,44.93880700668429],[26.027254004306112,44.93812159618335],[26.02909399969033,44.938186150429935],[26.028876740760122,44.938919025905214],[26.027189631289758,44.93880700668429]]]}"
57_0,2023-10-01,0.8222276096747666,Padure,"{""type"":""Polygon"",""coordinates"":[[[25.899977435643187,45.145598321040566],[25.90202664333057,45.14457674935845],[25.902927865559565,45.14534103804536],[25.901694049412722,45.145832901583006],[25.899977435643187,45.145598321040566]]]}"
57_1,2023-10-01,0.493200223874858,TerenAgricol,"{""type"":""Polygon"",""coordinates"":[[[25.830584480276528,45.082761016158045],[25.83064348887486,45.082228837152044],[25.8323976535706,45.08215118784351],[25.832314505091134,45.08277616708919],[25.830584480276528,45.082761016158045]]]}"
57_2,2023-10-01,0.16538492574137892,Urban,"{""type"":""Polygon"",""coordinates"":[[[26.027189631289758,44.93880700668429],[26.027254004306112,44.93812159618335],[26.02909399969033,44.938186150429935],[26.028876740760122,44.938919025905214],[26.027189631289758,44.93880700668429]]]}"
58_0,2023-11-01,0.7115510725908745,Padure,"{""type"":""Polygon"",""coordinates"":[[[25.899977435643187,45.145598321040566],[25.90202664333057,45.14457674935845],[25.902927865559565,45.14534103804536],[25.901694049412722,45.145832901583006],[25.899977435643187,45.145598321040566]]]}"
58_1,2023-11-01,0.44467537771810706,TerenAgricol,"{""type"":""Polygon"",""coordinates"":[[[25.830584480276528,45.082761016158045],[25.83064348887486,45.082228837152044],[25.8323976535706,45.08215118784351],[25.832314505091134,45.08277616708919],[25.830584480276528,45.082761016158045]]]}"
58_2,2023-11-01,0.15838910726715114,Urban,"{""type"":""Polygon"",""coordinates"":[[[26.027189631289758,44.93880700668429],[26.027254004306112,44.93812159618335],[26.02909399969033,44.938186150429935],[26.028876740760122,44.938919025905214],[26.027189631289758,44.93880700668429]]]}"
59_0,2023-12-01,0.4208986006440542,Padure,"{""type"":""Polygon"",""coordinates"":[[[25.899977435643187,45.145598321040566],[25.90202664333057,45.14457674935845],[25.902927865559565,45.14534103804536],[25.901694049412722,45.145832901583006],[25.899977435643187,45.145598321040566]]]}"
59_1,2023-12-01,0.370766203891574,TerenAgricol,"{""type"":""Polygon"",""coordinates"":[[[25.830584480276528,45.082761016158045],[25.83064348887486,45.082228837152044],[25.8323976535706,45.08215118784351],[25.832314505091134,45.08277616708919],[25.830584480276528,45.082761016158045]]]}"
59_2,2023-12-01,0.09067796706943211,Urban,"{""type"":""Polygon"",""coordinates"":[[[26.027189631289758,44.93880700668429],[26.027254004306112,44.93812159618335],[26.02909399969033,44.938186150429935],[26.028876740760122,44.938919025905214],[26.027189631289758,44.93880700668429]]]}"
